target_id	length	eff_length	est_counts	tpm
rnd-1_family-443#LINE/RTE-BovB	165	32.4701	242.588	1259.83
rnd-1_family-197#LINE/CR1	2655	2480.65	4496.13	305.634
rnd-1_family-66#LINE/RTE-BovB	793	618.962	1800.69	490.573
rnd-1_family-308#DNA/CMC-EnSpm	159	28.9412	456.228	2658.24
rnd-1_family-170#LINE/CR1	460	287.862	925.071	541.901
rnd-1_family-217#Unknown	716	542.021	1159	360.576
rnd-1_family-244#Unknown	115	11.1815	281.218	4241.05
rnd-1_family-262#Unknown	109	10.8588	17.8323	276.919
rnd-1_family-188#LINE/RTE-BovB	157	27.8162	418.282	2535.72
rnd-1_family-406#LINE/CR1-Zenon	199	54.8622	469.543	1443.22
rnd-1_family-89#LINE/CR1	1287	1112.65	210.665	31.9273
rnd-1_family-5#LTR/Pao	2316	2141.65	2645.08	208.267
rnd-1_family-404#Unknown	495	322.222	742.502	388.571
rnd-1_family-291#LINE/RTE-BovB	728	554.021	177.332	53.9745
rnd-1_family-105#LTR/Pao	2505	2330.65	1753.41	126.863
rnd-1_family-171#Unknown	211	63.3249	0.00982904	0.0261737
rnd-1_family-325#Unknown	228	76.2719	186.871	413.149
rnd-1_family-86#LINE/CR1	1953	1778.65	390.702	37.0412
rnd-1_family-240#LINE/CR1	292	129.211	2.03713	2.65859
rnd-1_family-278#LINE/CR1	1154	979.649	39.0504	6.72178
rnd-1_family-270#LINE/Penelope	596	422.303	342.647	136.821
rnd-1_family-254#Unknown	218	68.5713	150.265	369.525
rnd-1_family-121#Unknown	69	33.4667	1729.71	8715.42
rnd-1_family-180#Unknown	73	35.2188	490.367	2347.88
rnd-1_family-288#LTR/Gypsy	1018	843.649	211.672	42.3087
rnd-1_family-250#Unknown	154	26.1504	583.389	3761.91
rnd-1_family-409#Unknown	134	16.7826	134.048	1346.88
rnd-1_family-292#Unknown	124	13.5399	339.572	4229.07
rnd-1_family-213#Unknown	98	16.0261	180.798	1902.36
rnd-1_family-426#Unknown	98	16.0261	349.392	3676.31
rnd-1_family-73#Unknown	1158	983.649	2058.75	352.933
rnd-1_family-414#Unknown	66	30.4667	547.251	3028.94
rnd-1_family-293#LTR/Copia	522	348.953	547.542	264.594
rnd-1_family-448#Unknown	521	347.953	0	0
rnd-1_family-220#Unknown	1327	1152.65	1844.73	269.876
rnd-1_family-94#LINE/Penelope	720	546.021	795.995	245.827
rnd-1_family-350#LINE/Rex-Babar	833	658.962	517.554	132.441
rnd-1_family-39#LINE/CR1	3239	3064.65	446.716	24.5799
rnd-1_family-4#Unknown	2139	1964.65	1648.03	141.452
rnd-1_family-140#Unknown	196	52.8095	852.13	2720.96
rnd-1_family-138#Unknown	320	154.352	130.555	142.63
rnd-1_family-87#Unknown	671	497.021	331.499	112.47
rnd-1_family-246#LTR/Gypsy	1108	933.649	1189.88	214.906
rnd-1_family-362#Unknown	141	19.9287	99.2084	839.459
rnd-1_family-289#Unknown	128	14.7786	2288.86	26116.5
rnd-1_family-277#LTR/Gypsy	535	361.74	0	0
rnd-1_family-12#LTR/Pao	1800	1625.65	5153.86	534.607
rnd-1_family-226#Unknown	301	137.215	285.422	350.762
rnd-1_family-112#Unknown	437	265.31	3097.08	1968.46
rnd-1_family-119#LINE/CR1	1172	997.649	121	20.452
rnd-1_family-93#LINE/CR1	1821	1646.65	3433.69	351.632
rnd-1_family-24#Unknown	894	719.962	5373.02	1258.45
rnd-1_family-356#Unknown	243	87.8818	78.1202	149.897
rnd-1_family-390#Unknown	217	67.7796	192.063	477.829
rnd-1_family-45#Unknown	848	673.962	1461.8	365.746
rnd-1_family-162#Unknown	171	36.157	172.035	802.332
rnd-1_family-313#LINE/CR1	677	503.021	1698.72	569.462
rnd-1_family-338#LINE/CR1	884	709.962	972.746	231.043
rnd-1_family-333#LTR/Gypsy	1227	1052.65	12600.9	2018.59
rnd-1_family-156#Unknown	94	28.3857	177.344	1053.53
rnd-1_family-353#Unknown	422	250.78	1145.6	770.317
rnd-1_family-1#LINE/RTE-BovB	3241	3066.65	10646.3	585.415
rnd-1_family-35#Unknown	2383	2208.65	13002.3	992.713
rnd-1_family-60#LINE/CR1	1819	1644.65	1527.21	156.586
rnd-1_family-23#Unknown	3227	3052.65	1815.54	100.29
rnd-1_family-271#Unknown	402	231.362	1746	1272.57
rnd-1_family-387#DNA/MULE-MuDR	918	743.962	23.7393	5.38078
rnd-1_family-316#Unknown	225	73.8409	972.354	2220.53
rnd-1_family-31#Unknown	360	191.38	361.916	318.89
rnd-1_family-355#LINE/CR1-Zenon	546	372.667	2175.13	984.222
rnd-1_family-276#LINE/CR1-Zenon	1289	1114.65	2761.3	417.739
rnd-1_family-116#LINE/CR1	2689	2514.65	2466.84	165.421
rnd-1_family-232#LINE/Penelope	526	352.883	1390.92	664.659
rnd-1_family-64#LINE/RTE-BovB	653	479.166	7648.61	2691.69
rnd-1_family-173#LINE/RTE-BovB	288	125.71	1653.33	2217.78
rnd-1_family-55#DNA/hAT-Charlie	441	269.23	593.161	371.517
rnd-1_family-416#Unknown	95	23.8391	216.826	1533.73
rnd-1_family-158#Unknown	311	145.931	414.006	478.398
rnd-1_family-377#Unknown	545	371.667	3355.3	1522.32
rnd-1_family-113#LINE/RTE-BovB	455	283.034	2534.61	1510.09
rnd-1_family-125#LTR/Pao	1934	1759.65	2962.18	283.866
rnd-1_family-136#Unknown	110	10.8534	211.369	3284.01
rnd-1_family-321#Unknown	356	187.612	622.349	559.374
rnd-1_family-183#Unknown	168	34.3108	2519.67	12383.5
rnd-1_family-2#LINE/RTE-BovB	1404	1229.65	18190	2494.49
rnd-1_family-275#Unknown	56	23.8462	27.2498	192.696
rnd-1_family-102#Unknown	168	34.3108	459.41	2257.87
rnd-1_family-219#Unknown	489	316.286	127.041	67.7321
rnd-1_family-405#Unknown	718	544.021	457.789	141.899
rnd-1_family-199#Unknown	71	35.4667	85.676	407.35
rnd-1_family-408#Unknown	190	48.7002	177.193	613.544
rnd-1_family-309#Unknown	57	23.963	0	0
rnd-1_family-68#DNA/CMC-EnSpm	1936	1761.65	4359.35	417.283
rnd-1_family-131#Unknown	205	58.9795	73.7755	210.931
rnd-1_family-264#Unknown	249	92.6503	5.33345	9.70712
rnd-1_family-127#LINE/RTE-BovB	1529	1354.65	4280.27	532.811
rnd-1_family-134#Unknown	350	181.989	432.985	401.195
rnd-1_family-128#LINE/RTE-BovB	604	430.303	2164.52	848.234
rnd-1_family-56#LINE/RTE-BovB	111	10.9618	1770.74	27239.8
rnd-1_family-92#LINE/CR1	1958	1783.65	3067.53	290.007
rnd-1_family-187#LINE/CR1	1334	1159.65	577.378	83.958
rnd-1_family-111#LINE/Penelope	962	787.811	3648.78	781.005
rnd-1_family-88#LINE/CR1	1195	1020.65	106.121	17.5328
rnd-1_family-393#LINE/CR1	2002	1827.65	3159.35	291.497
rnd-1_family-310#Unknown	103	11.8	106.483	1521.69
rnd-1_family-25#Unknown	665	491.021	131.499	45.1596
rnd-1_family-50#LINE/CR1	2858	2683.65	1847.35	116.079
rnd-1_family-155#Unknown	153	25.6441	157.055	1032.74
rnd-1_family-147#LTR/Gypsy	2678	2503.65	29054.8	1956.92
rnd-1_family-13#DNA/CMC-EnSpm	731	557.021	13027	3943.67
rnd-1_family-71#LINE/CR1	1167	992.649	1035.51	175.909
rnd-1_family-22#LINE/CR1	2446	2271.65	9967.34	739.889
rnd-1_family-0#LINE/RTE-BovB	1756	1581.65	8159.96	869.975
rnd-1_family-330#Unknown	698	524.021	938.376	301.965
rnd-1_family-281#LINE/CR1	1069	894.649	33.5057	6.31531
rnd-1_family-422#Unknown	61	25.4667	14.9197	98.7909
rnd-1_family-16#Unknown	2306	2131.65	14321	1132.88
rnd-1_family-357#DNA/CMC-EnSpm	634	460.259	345.176	126.464
rnd-1_family-222#LINE/Penelope	711	537.021	73.1659	22.9745
rnd-1_family-241#Unknown	428	256.729	1339.01	879.506
rnd-1_family-328#Unknown	289	126.576	285.028	379.721
rnd-1_family-99#LINE/RTE-BovB	153	25.6441	679.294	4466.83
rnd-1_family-166#LINE/RTE-BovB	605	431.303	83.6872	32.7194
rnd-1_family-34#LINE/CR1	2418	2243.65	14450.6	1086.08
rnd-1_family-42#Unknown	1397	1222.65	274.88	37.9114
rnd-1_family-354#LINE/Penelope	480	307.442	10.2403	5.61665
rnd-1_family-38#Unknown	168	34.3108	44.1185	216.83
rnd-1_family-182#Unknown	150	24.202	248.169	1729.12
rnd-1_family-437#Unknown	68	32.4667	165.954	861.943
rnd-1_family-15#Unknown	356	187.612	1636.9	1471.26
rnd-1_family-10#SINE/tRNA	273	112.617	7428.57	11123.2
rnd-1_family-70#LINE/RTE-BovB	759	585.021	1498.37	431.894
rnd-1_family-305#LINE/CR1	683	509.021	696	230.57
rnd-1_family-327#LINE/CR1	1297	1122.65	236.007	35.4495
rnd-1_family-184#LTR/Gypsy	1889	1714.65	9529.92	937.223
rnd-1_family-378#Unknown	166	33.06	115.954	591.443
rnd-1_family-62#LINE/RTE-BovB	382	212.099	2849.33	2265.34
rnd-1_family-302#Unknown	352	183.84	543.13	498.188
rnd-1_family-224#LINE/Penelope	600	426.303	296.459	117.267
rnd-1_family-36#LINE/RTE-BovB	730	556.021	1614.36	489.598
rnd-1_family-235#Unknown	328	161.713	636	663.194
rnd-1_family-167#LINE/CR1	785	610.962	48.5831	13.4091
rnd-1_family-168#LINE/Penelope	666	492.021	322.357	110.48
rnd-1_family-361#LINE/RTE-BovB	352	183.84	1091.49	1001.18
rnd-1_family-137#Unknown	402	231.362	1647.54	1200.8
rnd-1_family-190#LINE/L1-DRE	342	174.665	398.911	385.122
rnd-1_family-198#LINE/CR1	1089	914.649	1821.62	335.839
rnd-1_family-126#Unknown	528	354.848	506.678	240.779
rnd-1_family-284#Unknown	300	136.301	735.255	909.633
rnd-1_family-27#LINE/RTE-BovB	1700	1525.65	8403.32	928.806
rnd-1_family-392#Unknown	156	27.2499	29	179.458
rnd-1_family-203#Unknown	329	162.579	431.766	447.829
rnd-1_family-48#DNA/CMC-EnSpm	569	395.629	4088.28	1742.54
rnd-1_family-202#LTR/Pao	1044	869.649	38.6611	7.4965
rnd-1_family-185#Unknown	155	26.7199	81.1286	511.998
rnd-1_family-163#LINE/Penelope	1092	917.649	479.588	88.1294
rnd-1_family-301#Unknown	356	187.612	1593.94	1432.65
rnd-1_family-287#Unknown	422	250.78	1213.89	816.234
rnd-1_family-205#LINE/RTE-BovB	241	86.2887	552.46	1079.63
rnd-1_family-85#Unknown	1325	1150.65	2715.13	397.902
rnd-1_family-231#Unknown	512	339.056	305.736	152.056
rnd-1_family-144#LINE/Penelope	1243	1068.65	796.625	125.704
rnd-1_family-20#LINE/RTE-BovB	1537	1362.65	14150.8	1751.16
rnd-1_family-318#Unknown	74	36.2188	48.517	225.886
rnd-1_family-415#LTR/Gypsy	1361	1186.65	1101.8	156.571
rnd-1_family-398#Unknown	169	34.944	293.574	1416.69
rnd-1_family-40#Unknown	2438	2263.65	2921.16	217.608
rnd-1_family-394#Unknown	145	21.6187	184.711	1440.77
rnd-1_family-380#Unknown	719	545.021	1817.3	562.266
rnd-1_family-109#Unknown	1081	906.649	270.161	50.2472
rnd-1_family-295#Unknown	125	13.7249	276.431	3396.3
rnd-1_family-331#Unknown	109	10.8588	104.043	1615.69
rnd-1_family-189#Unknown	234	80.9902	629.987	1311.68
rnd-1_family-207#LINE/Penelope	708	534.021	355.601	112.288
rnd-1_family-375#LTR/Gypsy	947	772.811	199.521	43.5355
rnd-1_family-267#Unknown	455	283.034	2148.16	1279.84
rnd-1_family-381#LINE/RTE-BovB	268	108.419	432.423	672.564
rnd-1_family-315#LINE/RTE-BovB	752	578.021	707.839	206.5
rnd-1_family-103#LINE/CR1	1545	1370.65	1803	221.819
rnd-1_family-175#Unknown	127	14.4543	1040.27	12136
rnd-1_family-41#LTR/Pao	3081	2906.65	605.474	35.1262
rnd-1_family-178#LINE/CR1	1794	1619.65	1612.12	167.843
rnd-1_family-106#LINE/RTE-BovB	261	102.544	1329.7	2186.61
rnd-1_family-84#Unknown	844	669.962	171.027	43.047
rnd-1_family-297#Unknown	313	147.869	253.18	288.723
rnd-1_family-282#Unknown	749	575.021	879.925	258.042
rnd-1_family-104#Unknown	61	25.4667	0	0
rnd-1_family-258#LTR/Pao	476	303.565	40.7895	22.6582
rnd-1_family-373#LINE/CR1	1050	875.649	448.12	86.2965
rnd-1_family-384#Unknown	984	809.811	969.889	201.961
rnd-1_family-132#LTR/Gypsy	2140	1965.65	13467.3	1155.32
rnd-1_family-164#LINE/RTE-BovB	605	431.303	849.165	332
rnd-1_family-151#Unknown	101	13.0809	34.751	447.982
rnd-1_family-14#LTR/Pao	1381	1206.65	315.428	44.0807
rnd-1_family-228#LTR/Gypsy	1309	1134.65	2885.27	428.799
rnd-1_family-399#Unknown	85	37.5366	255.868	1149.45
rnd-1_family-107#Unknown	651	477.166	5863.49	2072.12
rnd-1_family-159#Unknown	99	14.4725	488.452	5691.23
rnd-1_family-179#Unknown	115	11.1815	592.912	8941.71
rnd-1_family-115#LINE/Penelope	616	442.303	1508.2	574.998
rnd-1_family-417#Unknown	341	173.683	287.052	278.697
rnd-1_family-143#LTR/Gypsy	1948	1773.65	11225.3	1067.23
rnd-1_family-108#Unknown	872	697.962	1497.85	361.88
rnd-1_family-446#Unknown	396	225.547	288	215.32
rnd-1_family-358#Unknown	81	40.8235	2.73382	11.2924
rnd-1_family-298#Unknown	289	126.576	211.613	281.916
rnd-1_family-260#Unknown	267	107.56	202.311	317.175
rnd-1_family-47#Unknown	3122	2947.65	4334.71	247.978
rnd-1_family-32#LTR/Pao	4122	3947.65	669.361	28.5924
rnd-1_family-200#LINE/RTE-BovB	307	142.366	140.143	165.994
rnd-1_family-403#Unknown	496	323.19	574.028	299.505
rnd-1_family-120#Unknown	392	221.728	3944.11	2999.56
rnd-1_family-252#Unknown	562	388.629	495.244	214.889
rnd-1_family-117#LINE/RTE-BovB	773	598.962	5861.06	1650.08
rnd-1_family-142#Unknown	244	88.6716	10.1841	19.3671
rnd-1_family-225#Unknown	82	40.6571	290.827	1206.22
rnd-1_family-379#Unknown	778	603.962	118.12	32.9794
rnd-1_family-67#Unknown	1854	1679.65	21327.4	2141.16
rnd-1_family-349#LINE/CR1	660	486.07	969.426	336.314
rnd-1_family-44#LTR/Pao	3775	3600.65	3256.78	152.523
rnd-1_family-28#DNA/CMC-EnSpm	499	326.19	484.109	250.265
rnd-1_family-95#Unknown	907	732.962	46.1393	10.615
rnd-1_family-75#LINE/CR1	2566	2391.65	4625.74	326.146
rnd-1_family-193#LTR/Gypsy	1087	912.649	4106.57	758.761
rnd-1_family-96#LTR/Gypsy	2510	2335.65	6430.07	464.234
rnd-1_family-351#LINE/CR1	1031	856.649	61.4017	12.0867
rnd-1_family-98#LTR/Pao	2878	2703.65	319.879	19.951
rnd-1_family-77#LINE/CR1	1811	1636.65	869.048	89.54
rnd-1_family-196#LTR/Gypsy	1559	1384.65	31219.9	3802.08
rnd-1_family-272#LINE/Rex-Babar	758	584.021	728.19	210.255
rnd-1_family-420#Unknown	118	12.062	317.016	4431.91
rnd-1_family-304#LTR/Gypsy	386	215.905	4.00698	3.12957
rnd-1_family-79#Unknown	179	41.245	808.063	3303.71
rnd-1_family-208#LTR/Gypsy	1914	1739.65	4463.8	432.685
rnd-1_family-97#Unknown	209	61.7806	20	54.5892
rnd-1_family-78#LINE/CR1	2376	2201.65	10654.3	816.032
rnd-1_family-51#Unknown	282	120.535	53.3568	74.6457
rnd-1_family-239#LINE/L1	301	137.215	40.9925	50.3768
rnd-1_family-19#LINE/RTE-BovB	747	573.021	2254.01	663.306
rnd-1_family-63#Unknown	326	159.929	2182.87	2301.6
rnd-1_family-248#Unknown	93	36.8654	92.1115	421.332
rnd-1_family-236#LTR/Gypsy	2123	1948.65	19032.8	1647.02
rnd-1_family-165#LINE/CR1	1441	1266.65	1872.61	249.298
rnd-1_family-229#Unknown	120	12.3132	1	13.6949
rnd-1_family-192#SINE/tRNA	323	157.093	791.275	849.374
rnd-1_family-320#Unknown	729	555.021	903.723	274.571
rnd-1_family-454#Unknown	332	165.309	255.094	260.216
rnd-1_family-7#LTR/Pao	2327	2152.65	1014.11	79.4403
rnd-1_family-249#Unknown	151	24.5798	60.3943	414.33
rnd-1_family-54#Unknown	1726	1551.65	4687.32	509.401
rnd-1_family-152#LINE/CR1	971	796.811	83.0305	17.5716
rnd-1_family-122#Unknown	383	213.035	102.439	81.0858
rnd-1_family-245#Unknown	51	20.7083	22.4768	183.028
rnd-1_family-364#Unknown	310	145.036	308.313	358.463
rnd-1_family-255#Unknown	451	279.147	259.165	156.557
rnd-1_family-242#Unknown	235	81.6878	487.6	1006.55
rnd-1_family-181#Unknown	137	18.297	315.118	2904.17
rnd-1_family-247#LINE/Penelope	1259	1084.65	1593.36	247.716
rnd-1_family-52#LINE/L2	2731	2556.65	625.871	41.2803
rnd-1_family-312#LINE/CR1	1021	846.649	73.5854	14.6561
rnd-1_family-18#LINE/CR1	1799	1624.65	6513.46	676.053
rnd-1_family-153#Unknown	302	138.085	479.033	584.988
rnd-1_family-339#Unknown	313	147.869	305.732	348.651
rnd-1_family-43#LINE/RTE-BovB	1147	972.649	1031.52	178.834
rnd-1_family-37#LINE/CR1	2904	2729.65	4287.97	264.895
rnd-1_family-256#LINE/Rex-Babar	718	544.021	1714.75	531.513
rnd-1_family-209#Unknown	308	143.262	104.821	123.38
rnd-1_family-216#LINE/RTE-BovB	271	110.968	210.65	320.105
rnd-1_family-172#LINE/RTE-BovB	331	164.377	1574.41	1615.12
rnd-1_family-11#LINE/CR1	2666	2491.65	20118.6	1361.57
rnd-1_family-123#LINE/Penelope	1228	1053.65	328.394	52.5567
rnd-1_family-110#Unknown	179	41.245	2532.75	10355
rnd-1_family-160#Unknown	139	19.154	12.2885	108.186
rnd-1_family-243#LINE/CR1	1296	1121.65	379.073	56.9895
rnd-1_family-194#Unknown	189	48.0134	628.692	2208.03
rnd-1_family-206#Unknown	125	13.7249	3620	44476.2
rnd-1_family-227#Unknown	105	11.6587	1816.9	26279.1
rnd-1_family-294#LINE/CR1	1206	1031.65	550.763	90.0247
rnd-1_family-218#Unknown	1549	1374.65	4983.52	611.327
rnd-1_family-433#Unknown	505	332.19	79.9793	40.5994
rnd-1_family-230#LINE/CR1	1901	1726.65	310.869	30.36
rnd-1_family-8#LINE/CR1	3578	3403.65	2489.1	123.318
rnd-1_family-135#LINE/RTE-BovB	471	298.655	3006.34	1697.45
rnd-1_family-342#Unknown	256	98.4068	258.101	442.277
rnd-1_family-455#DNA/TcMar-ISRm11	547	373.667	353.51	159.531
rnd-1_family-21#LINE/RTE-BovB	1759	1584.65	14661.1	1560.13
rnd-1_family-371#Unknown	310	145.036	17.9295	20.8459
rnd-1_family-76#LINE/CR1	1780	1605.65	2281.29	239.584
rnd-1_family-368#Unknown	112	10.7962	56.1136	876.447
rnd-1_family-90#LTR/Gypsy	1935	1760.65	24761.1	2371.51
rnd-1_family-210#LTR/Gypsy	885	710.962	292.72	69.4281
rnd-1_family-29#LINE/RTE-BovB	222	71.5633	1845.82	4349.39
rnd-1_family-6#Satellite	436	264.31	3541.93	2259.72
rnd-1_family-212#LINE/Penelope	1189	1014.65	1904.14	316.456
rnd-1_family-129#LTR/Pao	1888	1713.65	467.013	45.9553
rnd-1_family-299#LINE/RTE-BovB	700	526.021	108.856	34.8962
rnd-1_family-150#LINE/RTE-BovB	234	80.9902	528.937	1101.29
rnd-1_family-300#Unknown	348	180.138	180.516	168.982
rnd-1_family-290#LINE/RTE-BovB	120	12.3132	941.669	12896
rnd-1_family-269#Unknown	471	298.655	172.264	97.2644
rnd-1_family-324#Unknown	272	111.872	1850.89	2789.91
rnd-1_family-419#Unknown	300	136.301	105	129.903
rnd-1_family-145#Unknown	303	138.955	2.0233	2.45537
rnd-1_family-141#Unknown	62	26.4667	0	0
rnd-1_family-53#Unknown	2046	1871.65	4092.87	368.75
rnd-1_family-124#LINE/Penelope	1884	1709.65	1639.18	161.677
rnd-1_family-46#DNA/CMC-EnSpm	1589	1414.65	2468.75	294.278
rnd-1_family-456#Unknown	289	126.576	323.353	430.778
rnd-1_family-266#Unknown	212	64.0939	133.927	352.356
rnd-1_family-17#LINE/CR1	2633	2458.65	1544.49	105.93
rnd-1_family-65#Unknown	2521	2346.65	2775.23	199.425
rnd-1_family-211#LINE/CR1	674	500.021	78.2785	26.3987
rnd-1_family-130#LINE/RTE-BovB	356	187.612	1191.63	1071.05
rnd-1_family-259#LINE/CR1	1998	1823.65	2122.26	196.24
rnd-1_family-101#Unknown	892	717.962	30369.8	7132.94
rnd-1_family-149#Unknown	77	39.2188	6.03181	25.9348
rnd-1_family-3#LINE/RTE-BovB	2252	2077.65	18887.5	1532.96
rnd-1_family-58#LINE/CR1	2698	2523.65	1923.74	128.542
rnd-1_family-431#LINE/Rex-Babar	468	295.744	322.824	184.068
rnd-1_family-261#Unknown	292	129.211	838.812	1094.7
rnd-1_family-69#LINE/CR1	1994	1819.65	364.388	33.768
rnd-1_family-146#LINE/RTE-BovB	404	233.292	1653.02	1194.83
rnd-1_family-176#DNA/MULE-MuDR	2818	2643.65	474.175	30.2457
rnd-1_family-344#Unknown	73	35.2188	23	110.124
rnd-1_family-118#LINE/Penelope	1470	1295.65	1054.9	137.294
rnd-1_family-59#Unknown	1816	1641.65	2846.68	292.406
rnd-1_family-80#Unknown	1667	1492.65	18442.4	2083.48
rnd-1_family-83#LINE/Penelope	751	577.021	820.723	239.847
rnd-1_family-26#LINE/RTE-BovB	264	104.976	2280.13	3662.67
rnd-1_family-447#Unknown	312	146.915	113	129.7
rnd-1_family-9#LTR/Pao	2025	1850.65	272.178	24.8003
rnd-1_family-33#LINE/CR1	1292	1117.65	7507.34	1132.69
rnd-1_family-396#LINE/CR1-Zenon	662	488.07	896.137	309.614
rnd-1_family-257#LINE	537	363.704	1367.83	634.182
rnd-1_family-332#Unknown	181	42.5318	69.6879	276.294
rnd-1_family-49#LTR/Pao	2989	2814.65	149.11	8.93327
rnd-1_family-195#Unknown	98	16.0261	459.679	4836.76
rnd-1_family-74#SINE?	327	160.83	141.661	148.529
rnd-1_family-237#Unknown	223	72.33	325.693	759.31
rnd-1_family-72#SINE?	314	148.823	1519.79	1722.04
rnd-1_family-336#Unknown	240	85.5045	222	437.817
rnd-1_family-268#Unknown	172	36.7243	26.7074	122.633
rnd-1_family-434#Unknown	313	147.869	62.9885	71.831
rnd-1_family-133#LINE/RTE-BovB	293	130.169	229.088	296.772
rnd-1_family-57#Unknown	295	131.893	77.5706	99.1753
rnd-1_family-169#Unknown	87	36.9545	89.5422	408.591
rnd-1_family-365#DNA/hAT-Ac	60	24.4667	254.761	1755.85
rnd-1_family-148#LINE/RTE-BovB	623	449.259	380.574	142.847
rnd-1_family-424#LINE/Penelope	472	299.565	330.938	186.288
rnd-1_family-374#LINE/CR1	599	425.303	283	112.206
rnd-1_family-400#Simple_repeat	309	144.187	456.246	533.583
rnd-1_family-61#Unknown	182	43.0678	1403.55	5495.46
rnd-1_family-204#LINE/RTE-BovB	203	57.5762	2026.13	5934.08
rnd-1_family-407#LINE/Penelope	310	145.036	110	127.892
rnd-1_family-215#Unknown	55	23.76	152.389	1081.52
rnd-1_family-323#Unknown	69	33.4667	33	166.276
rnd-1_family-345#LINE/Penelope	439	267.284	96.0883	60.6215
rnd-1_family-234#Unknown	512	339.056	510.786	254.037
rnd-1_family-442#LINE/CR1	253	95.9351	376.387	661.585
rnd-1_family-401#LINE/Rex-Babar	435	263.39	344.858	220.785
rnd-1_family-445#buffer	223	72.33	377	878.925
rnd-1_family-337#LINE	713	539.021	90	28.1557
rnd-1_family-372#LINE/RTE-BovB	128	14.7786	9.92006	113.19
rnd-1_family-450#LTR/Gypsy	528	354.848	24.6038	11.692
rnd-1_family-430#LINE/Rex-Babar	421	249.806	22	14.8508
rnd-1_family-326#Unknown	81	40.8235	0	0
rnd-1_family-319#LINE/CR1	2239	2064.65	2181.81	178.197
rnd-1_family-263#LINE/Penelope	742	568.021	973.778	289.084
rnd-1_family-154#LTR/Gypsy	1869	1694.65	1030.54	102.545
rnd-1_family-363#Unknown	66	30.4667	62.0132	343.232
rnd-1_family-322#LINE/RTE-BovB	256	98.4068	203.508	348.727
rnd-1_family-251#Unknown	106	11.3357	12	178.51
rnd-1_family-306#LINE/RTE-BovB	79	40.0303	480.038	2022.16
rnd-1_family-418#LTR/Pao	97	18.8443	14.5536	130.233
rnd-1_family-177#LTR/Gypsy	2613	2438.65	9729.56	672.779
rnd-1_family-307#LINE/RTE-BovB	214	65.6094	77	197.904
rnd-1_family-411#LINE/CR1	776	601.962	434.504	121.718
rnd-1_family-114#DNA/CMC-EnSpm	1131	956.649	2728.08	480.876
rnd-1_family-340#RC/Helitron	496	323.19	96.0533	50.1168
rnd-1_family-343#LINE/CR1	1541	1366.65	454.203	56.0431
rnd-1_family-286#LTR/Gypsy	600	426.303	8.05668	3.18688
rnd-1_family-100#LINE/RTE-BovB	449	277.175	1304.26	793.482
rnd-1_family-329#Unknown	56	23.8462	8.06924	57.0615
rnd-1_family-413#Unknown	359	190.419	355	314.374
rnd-1_family-435#LINE/CR1	241	86.2887	38	74.2606
rnd-1_family-157#LINE/RTE-BovB	167	33.7156	1920.04	9603.01
rnd-1_family-274#LINE/CR1	1179	1004.65	22.771	3.82205
rnd-1_family-458#Unknown	188	47.3038	217	773.557
rnd-1_family-459#LINE/CR1-Zenon	493	320.222	596.6	314.167
rnd-1_family-296#LINE/Penelope	543	369.667	22.9117	10.4514
rnd-1_family-397#LINE/CR1	780	605.962	51.1111	14.2233
rnd-1_family-382#LINE/Penelope	408	237.173	3	2.13297
rnd-1_family-395#LINE/Penelope	660	486.07	306.113	106.197
rnd-1_family-460#Unknown	203	57.5762	157.779	462.099
rnd-1_family-461#Unknown	167	33.7156	86	430.126
rnd-1_family-412#LINE/CR1	764	589.962	251	71.7428
rnd-1_family-273#LINE/CR1	500	327.19	420.832	216.889
rnd-1_family-346#LINE/Penelope	188	47.3038	36	128.332
rnd-1_family-441#LINE/RTE-BovB	239	84.6993	35.0374	69.756
rnd-1_family-385#LINE/Penelope	420	248.856	9	6.09851
rnd-1_family-359#LINE	422	250.78	39.1149	26.3013
rnd-1_family-82#LINE/CR1	1646	1471.65	328.97	37.6947
rnd-1_family-388#LINE/CR1	1038	863.649	139.449	27.2274
rnd-1_family-283#LINE/RTE-BovB	314	148.823	122.756	139.092
rnd-1_family-389#LINE/RTE-BovB	167	33.7156	3.21524	16.0809
rnd-1_family-279#LINE/CR1	1161	986.649	38.3911	6.5614
rnd-1_family-174#LINE/RTE-BovB	560	386.629	26.788	11.6836
rnd-1_family-386#LINE/Penelope	720	546.021	46.24	14.2803
rnd-1_family-463#Unknown	93	36.8654	169	773.031
rnd-1_family-317#LINE/RTE-BovB	390	219.773	55.4335	42.5331
rnd-1_family-30#LINE/RTE-BovB	909	734.962	158.253	36.3092
rnd-1_family-303#LINE/RTE-BovB	488	315.286	6.9651	3.72522
rnd-1_family-391#LINE/Penelope	533	359.776	49	22.9664
rnd-1_family-314#LINE/CR1	670	496.021	79.9514	27.1804
rnd-1_family-214#Unknown	83	40.5278	130.744	544.001
rnd-1_family-425#LINE/Penelope	218	68.5713	3.62163	8.90616
rnd-1_family-462#Unknown	654	480.118	643.01	225.839
rnd-1_family-161#LINE/CR1	370	200.623	112.331	94.4165
rnd-1_family-201#LINE/RTE-BovB	73	35.2188	2.25344	10.7895
rnd-1_family-91#LINE/RTE-BovB	378	208.291	352.121	285.068
rnd-1_family-429#LINE/Penelope	312	146.915	91.7458	105.305
rnd-1_family-451#LINE/CR1	1191	1016.65	82.9707	13.762
rnd-1_family-466#Unknown	124	13.5399	188.623	2349.14
rnd-1_family-444#LINE/CR1	471	298.655	403	227.544
rnd-1_family-186#Unknown	64	28.4667	2692.24	15948
rnd-1_family-438#Unknown	86	36.7907	0	0
rnd-1_family-428#Unknown	220	70.0071	259	623.859
rnd-1_family-432#LINE/RTE-BovB	158	28.4179	46.7419	277.359
rnd-1_family-469#Unknown	350	181.989	13414	12429.2
rnd-1_family-470#Unknown	424	252.78	909.3	606.586
rnd-1_family-191#DNA/CMC-EnSpm	107	11.0524	263.547	4020.96
rnd-1_family-347#LTR/Gypsy	269	109.23	179.883	277.701
rnd-1_family-366#LINE/Penelope	236	82.4597	0	0
rnd-1_family-402#Unknown	460	287.862	52.8852	30.9798
rnd-1_family-471#Unknown	285	123.093	115.714	158.519
rnd-1_family-468#LTR/Gypsy	444	272.175	15.8594	9.82575
rnd-1_family-352#LTR/Gypsy	553	379.629	34.0676	15.1325
rnd-1_family-452#LINE/RTE-BovB	204	58.3506	6.03136	17.4301
rnd-1_family-81#LINE/RTE-BovB	702	528.021	996.081	318.107
rnd-1_family-465#LTR/Gypsy	417	245.905	40	27.4297
rnd-1_family-473#Unknown	327	160.83	208.441	218.547
rnd-1_family-474#Unknown	85	37.5366	60.2979	270.88
rnd-1_family-367#LTR/Gypsy	258	100.067	64.7774	109.159
rnd-1_family-238#LTR/Gypsy	1241	1066.65	5561.58	879.236
rnd-1_family-341#LINE/CR1	959	784.811	98.9396	21.2586
rnd-1_family-335#LINE/CR1	363	194.124	57.8477	50.2498
rnd-1_family-475#Unknown	206	59.6446	314.203	888.318
rnd-1_family-476#Unknown	620	446.259	12	4.53443
rnd-1_family-457#LINE/CR1	160	29.5666	13.0108	74.2048
rnd-1_family-477#Unknown	621	447.259	687.854	259.338
rnd-1_family-360#LINE/CR1	304	139.823	275.793	332.607
rnd-1_family-423#LINE/CR1	378	208.291	0	0
rnd-1_family-478#Unknown	157	27.8162	593.188	3596.04
rnd-1_family-280#LINE/RTE-BovB	148	23.0844	74.8457	546.736
rnd-1_family-479#DNA/MULE-MuDR	238	83.9801	221.168	444.093
rnd-1_family-449#LINE/RTE-BovB	117	11.8965	131.474	1863.58
rnd-1_family-467#LINE/Penelope	188	47.3038	0	0
rnd-1_family-436#Unknown	97	18.8443	373.441	3341.73
rnd-1_family-472#LINE/RTE-X	95	23.8391	2	14.1472
rnd-1_family-311#LTR/Gypsy	413	242.004	1.02937	0.71726
rnd-1_family-480#Unknown	173	37.3607	2.18089	9.84349
rnd-1_family-481#LTR/Gypsy	461	288.862	2	1.16753
rnd-1_family-482#LINE/Rex-Babar	523	349.918	178.029	85.793
rnd-1_family-483#Unknown	325	159.012	198.005	209.979
rnd-1_family-421#LINE/CR1	187	46.5378	151.035	547.269
rnd-1_family-484#Unknown	79	40.0303	51.9628	218.893
rnd-1_family-233#LINE/CR1	425	253.78	71.4381	47.468
rnd-1_family-285#LINE/CR1	466	293.774	1.00485	0.576789
rnd-1_family-485#Unknown	67	31.4667	16.9027	90.5802
rnd-1_family-376#LINE/CR1	757	583.021	1269.57	367.2
rnd-1_family-139#LINE/RTE-BovB	326	159.929	4055.25	4275.81
rnd-1_family-410#LINE/CR1	265	105.838	184.933	294.645
rnd-1_family-486#Unknown	1003	828.649	575.524	117.117
rnd-1_family-488#LTR/Gypsy	575	401.549	2.39623	1.00628
rnd-1_family-223#LINE/CR1	213	64.8849	112.814	293.189
rnd-1_family-490#Unknown	489	316.286	7.66026	4.08406
rnd-1_family-491#Unknown	186	45.8688	151	555.121
rnd-1_family-492#LTR/Gypsy	340	172.736	60	58.5728
rnd-1_family-427#LINE/Penelope	200	55.5329	3.19206	9.69282
rnd-1_family-453#LINE/Rex-Babar	216	67.0608	0	0
rnd-1_family-493#Unknown	410	239.053	307.125	216.646
rnd-1_family-348#LINE/RTE-BovB	205	58.9795	82.8169	236.781
rnd-1_family-370#LINE/CR1	135	17.2059	66.4946	651.687
rnd-1_family-487#Unknown	386	215.905	142.193	111.057
rnd-1_family-497#Unknown	217	67.7796	371.029	923.075
rnd-1_family-494#Unknown	436	264.31	26.7573	17.0709
rnd-1_family-499#Unknown	69	33.4667	0	0
rnd-1_family-489#LINE/RTE-BovB	191	49.4255	0	0
rnd-1_family-496#Unknown	156	27.2499	41.3259	255.733
rnd-1_family-501#LTR/Gypsy	641	467.213	110.899	40.0261
rnd-1_family-502#LINE/CR1-Zenon	343	175.611	1131.82	1086.81
rnd-1_family-265#DNA/CMC-EnSpm	129	15.1125	286.961	3201.96
rnd-1_family-505#Unknown	88	37.1333	393	1784.67
rnd-1_family-503#Unknown	1419	1244.65	5110.98	692.446
rnd-1_family-506#LINE/CR1-Zenon	405	234.268	792.18	570.216
rnd-1_family-500#Unknown	757	583.021	88.3627	25.5572
rnd-1_family-507#Unknown	83	40.5278	136	565.868
rnd-1_family-504#LINE/CR1	525	351.883	106.957	51.2552
rnd-1_family-509#LINE/CR1-Zenon	179	41.245	433.732	1773.29
rnd-1_family-510#LINE/CR1	297	133.599	78.6431	99.2625
rnd-1_family-513#Unknown	96	21.1359	70	558.477
rnd-1_family-253#LINE/CR1	260	101.69	51.7572	85.8268
rnd-1_family-515#Unknown	149	23.5774	142.971	1022.54
rnd-1_family-511#LINE/CR1	599	425.303	385.105	152.689
rnd-1_family-498#LTR/Gypsy	281	119.612	1.14064	1.60806
rnd-1_family-440#LTR/Pao	496	323.19	256.303	133.729
rnd-1_family-514#LINE	537	363.704	396.076	183.637
rnd-1_family-517#Unknown	167	33.7156	256.239	1281.57
rnd-1_family-495#Unknown	413	242.004	19.6555	13.6959
rnd-1_family-334#LINE/CR1	92	37.3	1.00271	4.53309
rnd-1_family-519#LINE/RTE-BovB	71	35.4667	0	0
rnd-1_family-521#LTR/Gypsy	369	199.704	43.1357	36.4233
rnd-1_family-439#LTR/Gypsy	316	150.636	160.904	180.121
rnd-1_family-518#Unknown	413	242.004	67.0454	46.717
rnd-1_family-525#Unknown	195	52.1729	214.869	694.476
rnd-1_family-526#Unknown	277	116.041	170.113	247.205
rnd-1_family-527#LINE/CR1	1416	1241.65	226	30.6929
rnd-1_family-512#Unknown	79	40.0303	1	4.2125
rnd-1_family-520#Unknown	160	29.5666	83	473.375
rnd-1_family-383#LINE/CR1	373	203.458	1407.91	1166.88
rnd-1_family-528#Unknown	147	22.5916	129	962.877
rnd-1_family-529#Unknown	52	21.7083	163.159	1267.4
rnd-1_family-524#LINE/CR1	277	116.041	113	164.209
rnd-1_family-369#LINE/CR1	186	45.8688	94.1991	346.304
rnd-1_family-523#LINE/Rex-Babar	358	189.516	666.455	593
rnd-1_family-522#Unknown	309	144.187	59.0302	69.0362
rnd-1_family-464#LINE/CR1	213	64.8849	0	0
rnd-1_family-536#Unknown	86	36.7907	28.812	132.058
rnd-1_family-537#Unknown	221	70.7519	349.066	831.951
rnd-1_family-533#LTR/Gypsy	563	389.629	100.191	43.3618
rnd-1_family-539#Unknown	648	474.166	21.2897	7.57126
rnd-1_family-541#Unknown	1233	1058.65	802.601	127.843
rnd-1_family-538#LINE/Penelope	344	176.503	486.097	464.408
rnd-1_family-543#Unknown	126	14.0628	161.554	1937.2
rnd-1_family-544#Unknown	180	41.9117	24	96.5616
rnd-1_family-531#LINE/CR1	508	335.056	61.5203	30.962
rnd-1_family-545#Unknown	164	31.8665	78	412.752
rnd-1_family-535#LINE/RTE-BovB	225	73.8409	112	255.77
rnd-1_family-516#LINE/CR1	102	12.219	267.396	3690.18
rnd-1_family-548#Unknown	826	651.962	2863.13	740.538
rnd-1_family-532#LTR/Gypsy	376	206.333	9	7.35532
rnd-1_family-549#Unknown	85	37.5366	0	0
rnd-1_family-550#Unknown	225	73.8409	8.23395	18.8036
rnd-1_family-551#Unknown	56	23.8462	114	806.149
rnd-1_family-552#LINE/CR1	388	217.817	13.4542	10.4159
rnd-1_family-534#LINE/CR1	160	29.5666	11	62.7364
rnd-1_family-530#LINE/RTE-BovB	126	14.0628	8.07667	96.8476
rnd-1_family-553#Unknown	201	56.2235	50.8221	152.428
rnd-1_family-508#LINE/Penelope	133	16.4855	2.29561	23.4815
rnd-1_family-546#LINE/CR1	273	112.617	23.4603	35.1283
rnd-1_family-556#Unknown	332	165.309	214.643	218.952
rnd-1_family-554#LINE/Rex-Babar	256	98.4068	17.1101	29.3194
rnd-1_family-555#LTR/Gypsy	286	123.975	109	148.259
rnd-1_family-542#LTR/Gypsy	283	121.406	40	55.5583
rnd-1_family-558#Unknown	466	293.774	1709	980.975
rnd-1_family-561#LINE/CR1	633	459.259	31	11.3824
rnd-1_family-563#LTR/Pao	885	710.962	9.0807	2.15378
rnd-1_family-566#LINE/Penelope	395	224.615	34	25.5252
rnd-1_family-567#LTR/Pao	874	699.962	2120.23	510.785
rnd-1_family-559#LINE/CR1	331	164.377	0	0
rnd-1_family-569#Unknown	440	268.23	383.952	241.379
rnd-1_family-570#DNA	958	783.811	98.8776	21.2723
rnd-1_family-571#Unknown	56	23.8462	0	0
rnd-1_family-547#LINE/Penelope	189	48.0134	0	0
rnd-1_family-568#Unknown	110	10.8534	117.861	1831.19
rnd-1_family-557#Unknown	75	37.2188	0	0
rnd-1_family-560#LINE/CR1	137	18.297	12	110.594
rnd-1_family-540#LINE/CR1	520	346.953	115	55.8928
rnd-1_family-573#Unknown	259	100.912	545	910.711
rnd-1_family-565#LTR/Gypsy	220	70.0071	135.584	326.585
rnd-1_family-562#LTR/Gypsy	183	43.7675	3	11.5584
rnd-1_family-564#LTR/Gypsy	135	17.2059	4	39.2024
rnd-1_family-578#LINE/RTE-BovB	153	25.6441	69	453.722
rnd-1_family-580#Unknown	119	12.1861	65.4314	905.421
rnd-1_family-576#Unknown	144	21.155	66.6658	531.396
rnd-1_family-582#LINE/CR1	349	181.101	87.4903	81.4645
rnd-1_family-577#LINE	510	337.056	144.843	72.4643
rnd-1_family-583#Unknown	430	258.573	951.99	620.837
rnd-1_family-585#Unknown	790	615.962	36.5067	9.9942
rnd-1_family-575#LTR/Gypsy	251	94.2636	21	37.5668
rnd-1_family-586#Unknown	462	289.862	1135.21	660.411
rnd-1_family-587#LINE/CR1	260	101.69	194.963	323.299
rnd-1_family-589#Unknown	146	22.1102	63	480.482
rnd-1_family-590#Unknown	183	43.7675	61.9699	238.758
rnd-1_family-579#LTR/Gypsy	321	155.304	0	0
rnd-1_family-591#Unknown	129	15.1125	154	1718.36
rnd-1_family-592#Unknown	212	64.0939	133.326	350.774
rnd-1_family-588#Unknown	67	31.4667	0	0
rnd-1_family-595#Unknown	288	125.71	247.244	331.654
rnd-1_family-221#LINE/CR1	1109	934.649	704.479	127.101
rnd-1_family-593#Unknown	290	127.455	103	136.273
rnd-1_family-597#LTR/Gypsy	283	121.406	98.414	136.693
rnd-1_family-598#Unknown	108	11.0419	47.7316	728.939
rnd-1_family-601#Unknown	72	35.3226	220.338	1051.88
rnd-1_family-602#LTR/Gypsy	482	309.442	49.4271	26.9348
rnd-1_family-603#Unknown	194	51.456	15.5987	51.119
rnd-1_family-604#Unknown	161	30.145	155.871	871.925
rnd-1_family-596#LINE/CR1	69	33.4667	191	962.387
rnd-1_family-606#Unknown	67	31.4667	340.384	1824.1
rnd-1_family-599#LINE/CR1	127	14.4543	0	0
rnd-1_family-607#Unknown	119	12.1861	114	1577.5
rnd-1_family-594#Unknown	89	36.5532	39	179.915
rnd-1_family-584#LTR/Gypsy	225	73.8409	43	98.1974
rnd-1_family-609#Unknown	738	564.021	298.523	89.2508
rnd-1_family-610#Unknown	250	93.4628	449.953	811.815
rnd-1_family-605#LINE/CR1	283	121.406	6	8.33375
rnd-1_family-612#Unknown	330	163.529	466.7	481.251
rnd-1_family-613#LINE/CR1	711	537.021	763.68	239.8
rnd-1_family-600#DNA/CMC-EnSpm	1609	1434.65	8813.45	1035.93
rnd-1_family-611#DNA/CMC-EnSpm	1485	1310.65	1874.85	241.217
rnd-1_family-581#LINE/CR1	227	75.3706	36.2808	81.1715
rnd-1_family-615#Unknown	62	26.4667	93	592.533
rnd-1_family-618#Unknown	365	196.025	617.224	530.958
rnd-1_family-616#LTR/Gypsy	1169	994.649	8861.46	1502.33
rnd-1_family-608#LINE/CR1	258	100.067	12.9485	21.8201
rnd-1_family-620#Unknown	603	429.303	2116.72	831.436
rnd-1_family-621#Unknown	357	188.593	183.886	164.419
rnd-1_family-622#Unknown	52	21.7083	68.6271	533.087
rnd-1_family-623#Unknown	77	39.2188	31.1312	133.854
rnd-1_family-624#LINE/Rex-Babar	286	123.975	255.686	347.777
rnd-1_family-617#LINE/CR1	377	207.291	164	133.411
rnd-1_family-619#Unknown	256	98.4068	23.5865	40.4172
rnd-1_family-626#Unknown	129	15.1125	1.30654	14.5787
rnd-1_family-614#LINE/Penelope	289	126.576	61	81.2656
rnd-1_family-627#Unknown	277	116.041	46	66.8462
rnd-1_family-628#Unknown	60	24.4667	91.611	631.396
rnd-1_family-625#DNA/CMC-EnSpm	1585	1410.65	5749.97	687.346
rnd-1_family-630#LTR/Gypsy	425	253.78	286.483	190.357
rnd-1_family-631#Unknown	191	49.4255	1	3.41176
rnd-1_family-632#Unknown	200	55.5329	142.271	432.011
rnd-1_family-633#Unknown	202	56.912	2	5.92591
rnd-1_family-634#Unknown	67	31.4667	23	123.255
rnd-1_family-635#Unknown	403	232.339	9.18968	6.66972
rnd-1_family-637#Unknown	145	21.6187	151	1177.81
rnd-1_family-638#DNA/TcMar-Tc1	181	42.5318	73.1526	290.031
rnd-1_family-574#LINE/CR1-Zenon	504	331.19	432.934	220.431
rnd-1_family-572#LINE/CR1	333	166.258	33.8354	34.3177
rnd-1_family-636#Unknown	657	483.07	33.4395	11.6729
rnd-1_family-639#LINE/RTE-BovB	381	211.164	166	132.562
rnd-1_family-640#DNA/TcMar-Tc1	276	115.165	261.763	383.281
rnd-1_family-641#LINE/Penelope	1270	1095.65	748.888	115.259
rnd-1_family-642#Unknown	332	165.309	66	67.325
rnd-1_family-643#Unknown	261	102.544	82.4974	135.662
rnd-1_family-644#Unknown	471	298.655	808.389	456.436
rnd-1_family-645#Unknown	239	84.6993	3.69989	7.36609
rnd-1_family-646#Unknown	63	27.4667	128	785.838
rnd-1_family-648#Unknown	221	70.7519	257	612.525
rnd-1_family-650#Unknown	128	14.7786	694.739	7927.13
rnd-1_family-651#Unknown	667	493.021	415.958	142.27
rnd-1_family-652#LTR/Gypsy	728	554.021	408	124.183
rnd-1_family-653#LTR/Gypsy	481	308.442	55	30.0689
rnd-1_family-655#Unknown	127	14.4543	20.7108	241.617
rnd-1_family-629#LINE/CR1	359	190.419	53	46.9348
rnd-1_family-656#Unknown	240	85.5045	491.309	968.936
rnd-1_family-657#Unknown	55	23.76	15.6928	111.374
rnd-1_family-660#Unknown	119	12.1861	101.109	1399.12
rnd-1_family-661#LTR/Gypsy	146	22.1102	51	388.962
rnd-1_family-649#DNA/TcMar-Tc1	193	50.765	163.353	542.615
rnd-1_family-662#Unknown	203	57.5762	8.23623	24.1221
rnd-1_family-663#Unknown	581	407.469	242.184	100.226
rnd-1_family-664#Unknown	269	109.23	366.587	565.932
rnd-1_family-667#LINE/I-Jockey	95	23.8391	124	877.124
rnd-1_family-647#LINE/CR1	90	36.7917	50.8961	233.273
rnd-1_family-668#DNA/CMC-EnSpm	1358	1183.65	5273.93	751.346
rnd-1_family-658#Unknown	171	36.157	31	144.577
rnd-1_family-659#LINE/CR1-Zenon	93	36.8654	27	123.502
rnd-1_family-671#Unknown	197	53.5153	109.493	345.015
rnd-1_family-672#Unknown	169	34.944	76	366.75
rnd-1_family-654#LTR/Gypsy	929	754.811	460.336	102.841
rnd-1_family-673#Unknown	225	73.8409	92	210.097
rnd-1_family-665#LINE/Rex-Babar	323	157.093	169	181.409
rnd-1_family-669#LINE/RTE-BovB	105	11.6587	100.796	1457.88
rnd-1_family-674#DNA/TcMar-Tc1	151	24.5798	170.732	1171.29
rnd-1_family-675#LTR/Gypsy	256	98.4068	96.4795	165.325
rnd-1_family-676#Unknown	312	146.915	378	433.864
rnd-1_family-677#Unknown	132	16.0221	11.3001	118.93
rnd-1_family-679#Unknown	324	158.028	93.7896	100.08
rnd-1_family-666#LINE/CR1	151	24.5798	11	75.4646
rnd-1_family-680#Unknown	220	70.0071	81	195.107
rnd-1_family-681#Unknown	102	12.219	73.4799	1014.06
rnd-1_family-682#Unknown	371	201.582	709	593.094
rnd-1_family-670#Unknown	69	33.4667	131	660.066
rnd-1_family-678#LINE/CR1	182	43.0678	20	78.3079
rnd-1_family-684#Unknown	155	26.7199	98.9893	624.715
rnd-1_family-685#LTR/Gypsy	389	218.773	161.636	124.588
rnd-1_family-686#DNA/TcMar-Tc1	193	50.765	129	428.504
rnd-1_family-687#Unknown	195	52.1729	133.9	432.778
rnd-1_family-688#LINE/L2	176	39.3676	8.15815	34.9447
rnd-1_family-690#Unknown	180	41.9117	43	173.006
rnd-1_family-691#Unknown	883	708.962	468	111.314
rnd-1_family-692#Unknown	252	95.1158	55.118	97.7168
rnd-1_family-693#Unknown	63	27.4667	38	233.296
rnd-1_family-689#Unknown	243	87.8818	92.0186	176.565
rnd-1_family-683#Unknown	137	18.297	14.131	130.233
rnd-1_family-696#Unknown	499	326.19	711.62	367.88
rnd-1_family-699#LINE/CR1	87	36.9545	301	1373.5
rnd-1_family-700#LINE/Penelope	251	94.2636	191.011	341.698
rnd-1_family-694#DNA/CMC-EnSpm	125	13.7249	0	0
rnd-1_family-701#Unknown	169	34.944	94	453.611
rnd-1_family-695#LINE/Penelope	121	12.6738	0	0
rnd-1_family-703#Unknown	123	13.2469	421	5359.17
rnd-1_family-697#LINE/Penelope	407	236.221	141	100.654
rnd-1_family-705#Unknown	479	306.504	2	1.10033
rnd-1_family-706#LINE/CR1	185	45.1776	8	29.8604
rnd-1_family-707#Unknown	100	13.8488	141.04	1717.35
rnd-1_family-708#Unknown	60	24.4667	60	413.528
rnd-1_family-702#Unknown	118	12.062	0	0
rnd-1_family-709#Unknown	138	18.6806	9	81.242
rnd-1_family-711#LTR/Gypsy	703	529.021	367.584	117.169
rnd-1_family-712#Unknown	72	35.3226	23.428	111.844
rnd-1_family-713#Unknown	65	29.4667	59.5201	340.613
rnd-1_family-704#LINE/CR1	123	13.2469	44	560.103
rnd-1_family-714#LTR/Gypsy	316	150.636	148.269	165.978
rnd-1_family-715#Unknown	162	30.7377	52.8131	289.733
rnd-1_family-716#Unknown	114	11.0064	91	1394.2
rnd-1_family-717#LTR/Gypsy	552	378.667	390.767	174.016
rnd-1_family-698#LINE/CR1	160	29.5666	5.29936	30.2239
rnd-1_family-718#LTR/ERVK	233	80.1874	30431	63994
rnd-1_family-719#LTR/Gypsy	155	26.7199	69.3029	437.366
rnd-1_family-720#Unknown	123	13.2469	117	1489.36
rnd-1_family-721#Unknown	68	32.4667	67	347.989
rnd-1_family-722#Unknown	125	13.7249	71.4772	878.185
rnd-1_family-723#Unknown	54	23.7083	0	0
rnd-1_family-724#Unknown	868	693.962	2016.12	489.902
rnd-1_family-725#Unknown	112	10.7962	27	421.717
rnd-1_family-710#Unknown	168	34.3108	16.6369	81.7657
rnd-1_family-729#LTR/Gypsy	435	263.39	162.315	103.917
rnd-1_family-730#Unknown	272	111.872	104.38	157.335
rnd-1_family-732#Unknown	133	16.4855	22	225.035
rnd-1_family-733#Unknown	193	50.765	230	763.999
rnd-1_family-734#LTR/Gypsy	285	123.093	377.08	516.569
rnd-1_family-726#LINE/Jockey	231	78.624	110.322	236.612
rnd-1_family-727#LINE/Rex-Babar	197	53.5153	18	56.7183
rnd-1_family-736#Unknown	90	36.7917	45.1805	207.076
rnd-1_family-731#LINE/Penelope	249	92.6503	94.7409	172.433
rnd-1_family-737#Unknown	60	24.4667	44	303.254
rnd-1_family-728#Unknown	125	13.7249	31.8185	390.929
rnd-1_family-739#Unknown	393	222.728	49	37.098
rnd-1_family-740#Unknown	149	23.5774	194	1387.5
rnd-1_family-741#LINE/Penelope	362	193.262	591	515.667
rnd-1_family-742#Unknown	189	48.0134	185	649.737
rnd-1_family-744#LINE/Penelope	116	11.4594	0	0
rnd-1_family-745#Unknown	164	31.8665	39	206.376
rnd-1_family-738#LTR/Gypsy	102	12.219	82	1131.64
rnd-1_family-746#Unknown	163	31.3058	102.963	554.605
rnd-1_family-747#LINE/CR1	154	26.1504	70	451.386
rnd-1_family-748#Unknown	164	31.8665	92	486.836
rnd-1_family-749#Unknown	277	116.041	53	77.0184
rnd-1_family-750#Unknown	65	29.4667	162	927.071
rnd-1_family-743#DNA/CMC-EnSpm	252	95.1158	289	512.359
rnd-1_family-753#Unknown	53	22.7083	28	207.923
rnd-1_family-754#LTR/Gypsy	256	98.4068	74.0946	126.967
rnd-1_family-755#Unknown	74	36.2188	95.6927	445.527
rnd-1_family-756#LINE/CR1	99	14.4725	26	302.941
rnd-1_family-757#Unknown	189	48.0134	50	175.605
rnd-1_family-758#Unknown	289	126.576	24	31.9734
rnd-1_family-759#Unknown	990	815.649	1924.7	397.914
rnd-1_family-760#LTR/Gypsy	414	243.004	10847	7527.05
rnd-1_family-762#Unknown	70	34.4667	30	146.775
rnd-1_family-763#Unknown	657	483.07	153.004	53.4098
rnd-1_family-751#DNA	518	344.953	122	59.6387
rnd-1_family-764#Unknown	333	166.258	128	129.825
rnd-1_family-765#Unknown	114	11.0064	30	459.626
rnd-1_family-735#Unknown	310	145.036	386.139	448.947
rnd-1_family-767#Unknown	94	28.3857	97.041	576.48
rnd-1_family-761#LINE/Penelope	101	13.0809	86	1108.64
rnd-1_family-769#LINE/Penelope	367	197.805	244.325	208.285
rnd-1_family-752#Unknown	80	41.0303	59	242.48
rnd-1_family-770#LINE/Rex-Babar	238	83.9801	47.0372	94.4483
rnd-1_family-771#Unknown	381	211.164	27	21.5612
rnd-1_family-772#Unknown	64	28.4667	29	171.787
rnd-1_family-773#Unknown	54	23.7083	31	220.49
rnd-1_family-774#Unknown	142	20.3671	45	372.573
rnd-1_family-777#Unknown	71	35.4667	8.77599	41.7258
rnd-1_family-778#Unknown	763	588.962	134.177	38.4168
rnd-1_family-766#LINE/Penelope	160	29.5666	13	74.1431
rnd-1_family-780#Unknown	68	32.4667	27	140.234
rnd-1_family-781#Unknown	102	12.219	170	2346.08
rnd-1_family-782#Unknown	369	199.704	304	256.694
rnd-1_family-783#Unknown	70	34.4667	85	415.861
rnd-1_family-784#Unknown	226	74.6554	1338.27	3022.82
rnd-1_family-785#Unknown	104	11.7906	50	715.096
rnd-1_family-786#LTR/Gypsy	233	80.1874	130.564	274.566
rnd-1_family-787#Unknown	74	36.2188	26	121.051
rnd-1_family-788#Unknown	294	130.976	121.69	156.672
rnd-1_family-789#Unknown	110	10.8534	298	4629.98
rnd-1_family-790#LINE/Penelope	309	144.187	239.98	280.659
rnd-1_family-779#LINE/Penelope	176	39.3676	6.63912	28.4381
rnd-1_family-791#Unknown	163	31.3058	40	215.458
rnd-1_family-792#Unknown	122	12.8975	185.133	2420.52
rnd-1_family-793#Unknown	77	39.2188	34	146.189
rnd-1_family-794#Unknown	51	20.7083	33	268.719
rnd-1_family-795#LINE/RTE-BovB	296	132.768	449	570.273
rnd-1_family-796#Unknown	267	107.56	477.846	749.148
rnd-1_family-797#Unknown	62	26.4667	161.727	1030.41
rnd-1_family-776#LTR/Gypsy-Cigr	205	58.9795	39	111.504
rnd-1_family-798#DNA/CMC-EnSpm	1239	1064.65	3841.49	608.447
rnd-1_family-800#Unknown	85	37.5366	145.745	654.738
rnd-1_family-802#DNA/CMC-EnSpm	857	682.962	3590.48	886.511
rnd-1_family-803#LINE/CR1	179	41.245	7	28.6191
rnd-1_family-804#Unknown	291	128.347	93	122.188
rnd-1_family-805#Unknown	338	170.86	240.18	237.042
rnd-1_family-806#Unknown	360	191.38	117.31	103.363
rnd-1_family-775#DNA/CMC-EnSpm	451	279.147	75	45.3061
rnd-1_family-807#LINE/CR1	139	19.154	1	8.80379
rnd-1_family-808#Unknown	151	24.5798	1	6.86042
rnd-1_family-799#Unknown	95	23.8391	27.0375	191.252
rnd-1_family-809#DNA/TcMar-Tc1	131	15.7101	221.638	2379
rnd-1_family-810#Unknown	64	28.4667	50	296.184
rnd-1_family-801#DNA/TcMar-ISRm11	250	93.4628	569	1026.6
rnd-1_family-812#LTR/Gypsy	349	181.101	300.233	279.554
rnd-1_family-813#Unknown	103	11.8	109	1557.66
rnd-1_family-815#Unknown	187	46.5378	279.461	1012.62
rnd-1_family-816#Unknown	255	97.5912	138	238.45
rnd-1_family-817#Unknown	104	11.7906	0	0
rnd-1_family-818#LTR/Gypsy	71	35.4667	16	76.0726
rnd-1_family-819#Unknown	151	24.5798	12	82.325
rnd-1_family-820#LTR/Gypsy	178	40.563	40	166.287
rnd-1_family-822#Unknown	119	12.1861	120	1660.53
rnd-1_family-824#Unknown	239	84.6993	158.154	314.869
rnd-1_family-825#Unknown	65	29.4667	19	108.731
rnd-1_family-826#LTR/Gypsy	146	22.1102	41	312.695
rnd-1_family-827#Unknown	242	87.1306	79.0916	153.07
rnd-1_family-828#LTR/Pao	335	168.069	0	0
rnd-1_family-829#Unknown	279	117.815	249.816	357.56
rnd-1_family-830#Unknown	95	23.8391	43	304.164
rnd-1_family-814#Unknown	65	29.4667	22	125.898
rnd-1_family-833#Unknown	76	38.2188	100	441.217
rnd-1_family-834#LINE/Jockey	119	12.1861	198	2739.87
rnd-1_family-835#LINE/Penelope	399	228.432	264.176	195.014
rnd-1_family-836#LTR/Gypsy	147	22.5916	291	2172.07
rnd-1_family-823#LTR/Gypsy	137	18.297	6075	55988.1
rnd-1_family-838#DNA/CMC-EnSpm	220	70.0071	322.92	777.825
rnd-1_family-839#LINE/Rex-Babar	172	36.7243	29	133.16
rnd-1_family-811#LINE/CR1	147	22.5916	40	298.567
rnd-1_family-840#LINE/RTE-BovB	150	24.202	277.426	1932.97
rnd-1_family-841#Unknown	816	641.962	587.478	154.316
rnd-1_family-831#LTR/Gypsy	87	36.9545	1	4.56311
rnd-1_family-842#Unknown	97	18.8443	0	0
rnd-1_family-843#Unknown	471	298.655	54.7664	30.9225
rnd-1_family-768#LINE/Rex-Babar	149	23.5774	109.601	783.872
rnd-1_family-832#LTR/Gypsy	130	15.3584	12	131.754
rnd-1_family-844#Unknown	146	22.1102	24	183.041
rnd-1_family-845#LTR/Gypsy	84	38.4103	8	35.1214
rnd-1_family-846#LINE/Penelope	72	35.3226	7	33.4175
rnd-1_family-847#Unknown	103	11.8	21	300.1
rnd-1_family-849#Unknown	57	23.963	49.5228	348.493
rnd-1_family-850#DNA/CMC-EnSpm	708	534.021	2169	684.905
rnd-1_family-851#Unknown	595	421.303	866	346.619
rnd-1_family-852#LINE/CR1	256	98.4068	19	32.558
rnd-1_family-853#Unknown	187	46.5378	8	28.9877
rnd-1_family-854#Unknown	60	24.4667	23	158.519
rnd-1_family-855#Unknown	169	34.944	77	371.575
rnd-1_family-856#Unknown	62	26.4667	73	465.107
rnd-1_family-857#LTR/Gypsy	119	12.1861	50	691.886
rnd-1_family-858#Unknown	112	10.7962	161.898	2528.72
rnd-1_family-859#LINE/Rex-Babar	124	13.5399	38	473.257
rnd-1_family-860#Unknown	250	93.4628	86.2336	155.585
rnd-1_family-861#Unknown	58	24.1071	0	0
rnd-1_family-862#Unknown	424	252.78	4	2.66837
rnd-1_family-821#LTR/Pao	144	21.155	54.4342	433.897
rnd-1_family-837#LTR/Gypsy	153	25.6441	169	1111.29
rnd-1_family-863#DNA/CMC-EnSpm	128	14.7786	169	1928.33
rnd-1_family-864#Unknown	267	107.56	112	175.589
rnd-1_family-866#Unknown	87	36.9545	0	0
rnd-1_family-867#Unknown	277	116.041	614	892.251
rnd-1_family-868#Unknown	62	26.4667	22	140.169
rnd-1_family-869#LINE/Penelope	191	49.4255	51	174
rnd-1_family-870#Unknown	58	24.1071	24	167.878
rnd-1_family-871#Unknown	58	24.1071	27	188.863
rnd-1_family-873#LINE/RTE-BovB	179	41.245	48	196.245
rnd-1_family-874#Unknown	149	23.5774	9	64.3687
rnd-1_family-875#Unknown	85	37.5366	0	0
rnd-1_family-876#LTR/Gypsy	659	485.07	556	193.286
rnd-1_family-877#Unknown	364	195.085	264	228.197
rnd-1_family-878#LTR/Gypsy	366	196.905	240	205.534
rnd-1_family-879#LINE/Penelope	355	186.688	72.0296	65.0612
rnd-1_family-880#Unknown	125	13.7249	43	528.308
rnd-1_family-865#Unknown	197	53.5153	67	211.118
rnd-1_family-881#Unknown	73	35.2188	30.6866	146.928
rnd-1_family-882#Unknown	177	40.0343	437	1840.68
rnd-1_family-883#Unknown	54	23.7083	2	14.2252
rnd-1_family-884#Unknown	55	23.76	0	0
rnd-1_family-848#LINE/RTE-BovB	56	23.8462	9	63.6433
rnd-1_family-885#Unknown	93	36.8654	20	91.4829
rnd-1_family-886#Unknown	115	11.1815	27	407.187
rnd-1_family-887#Unknown	243	87.8818	2	3.8376
rnd-1_family-888#LINE/CR1	94	28.3857	4	23.7623
rnd-1_family-889#Unknown	842	667.962	4411	1113.56
rnd-1_family-890#LTR/Gypsy	310	145.036	79	91.8499
rnd-1_family-891#Unknown	244	88.6716	68	129.316
rnd-1_family-892#Unknown	50	19.7083	21	179.679
rnd-1_family-893#Unknown	356	187.612	23.9704	21.5449
rnd-1_family-894#Unknown	77	39.2188	21.9966	94.5781
rnd-1_family-895#Unknown	324	158.028	51	54.4208
rnd-1_family-896#DNA/TcMar-Pogo	175	38.6733	88	383.707
rnd-1_family-872#Unknown	67	31.4667	76	407.279
rnd-1_family-897#LINE/Rex-Babar	163	31.3058	70.2682	378.497
rnd-1_family-898#Unknown	81	40.8235	28.9954	119.77
rnd-1_family-899#Unknown	178	40.563	346	1438.38
rnd-1_family-900#Unknown	166	33.06	155	790.602
rnd-1_family-901#LINE/CR1	99	14.4725	36	419.456
rnd-1_family-902#Unknown	59	24.2759	164	1139.19
rnd-1_family-903#Unknown	65	29.4667	20	114.453
rnd-1_family-904#Unknown	80	41.0303	9	36.9885
rnd-1_family-906#LTR/Gypsy	515	342.022	326	160.728
rnd-1_family-907#Unknown	275	114.276	23.8226	35.1531
rnd-1_family-908#Unknown	591	417.345	4731.33	1911.69
rnd-1_family-909#Unknown	354	185.745	35.3233	32.068
rnd-1_family-910#Unknown	117	11.8965	341.259	4837.2
rnd-1_family-911#Unknown	67	31.4667	56	300.1
rnd-1_family-912#LINE/CR1	154	26.1504	12	77.3804
rnd-1_family-913#Unknown	102	12.219	7.90838	109.139
rnd-1_family-914#Unknown	245	89.5002	17	32.0298
rnd-1_family-915#Unknown	94	28.3857	11	65.3464
rnd-1_family-905#LTR/Gypsy	172	36.7243	31	142.343
rnd-1_family-916#Unknown	144	21.155	280.996	2239.83
rnd-1_family-917#Unknown	111	10.9618	2	30.7665
rnd-1_family-918#Unknown	189	48.0134	15	52.6814
rnd-1_family-919#Unknown	84	38.4103	0	0
rnd-1_family-920#Unknown	89	36.5532	55.5198	256.125
rnd-1_family-921#Unknown	114	11.0064	8	122.567
rnd-1_family-922#Unknown	56	23.8462	10	70.7148
rnd-1_family-923#Unknown	793	618.962	659.447	179.657
rnd-1_family-924#Unknown	134	16.7826	5	50.2389
rnd-1_family-925#Unknown	198	54.2333	50.0119	155.502
rnd-1_family-926#Unknown	183	43.7675	49.6767	191.395
rnd-1_family-927#Unknown	76	38.2188	24	105.892
rnd-1_family-928#LINE/Penelope	238	83.9801	60.0768	120.631
rnd-1_family-929#LINE/CR1	128	14.7786	15	171.153
rnd-1_family-930#Unknown	72	35.3226	1	4.77393
rnd-1_family-931#Unknown	78	39.0303	109	470.927
rnd-1_family-932#Unknown	235	81.6878	39.7359	82.0265
rnd-1_family-933#Unknown	171	36.157	111.264	518.91
rnd-1_family-934#Unknown	73	35.2188	12	57.4561
rnd-1_family-935#Unknown	55	23.76	9	63.8741
rnd-1_family-936#Unknown	109	10.8588	30	465.872
rnd-1_family-937#LTR/Gypsy	355	186.688	240.191	216.954
rnd-1_family-938#Unknown	389	218.773	350.882	270.456
rnd-1_family-939#Unknown	54	23.7083	0	0
rnd-1_family-940#Unknown	256	98.4068	182	311.871
rnd-1_family-941#Unknown	105	11.6587	135	1952.6
rnd-1_family-942#Unknown	198	54.2333	98.9559	307.684
rnd-1_family-943#Unknown	250	93.4628	13	23.4549
rnd-1_family-944#Unknown	196	52.8095	242	772.738
rnd-1_family-945#Unknown	430	258.573	22.813	14.8774
rnd-1_family-946#Unknown	70	34.4667	21	102.742
rnd-1_family-947#Unknown	57	23.963	36	253.332
rnd-1_family-949#DNA/TcMar-Tc1	388	217.817	13	10.0642
rnd-1_family-950#Unknown	64	28.4667	0	0
rnd-1_family-951#Unknown	55	23.76	5	35.4856
rnd-1_family-952#Unknown	52	21.7083	0	0
rnd-1_family-954#LINE/Penelope	120	12.3132	199.923	2737.92
rnd-1_family-955#DNA/Ginger	209	61.7806	119.809	327.015
rnd-1_family-956#Unknown	51	20.7083	1	8.14299
rnd-1_family-957#Unknown	251	94.2636	99	177.101
rnd-1_family-958#Unknown	170	35.5164	213	1011.3
rnd-1_family-959#Unknown	162	30.7377	0	0
rnd-1_family-948#LINE/Penelope	134	16.7826	51	512.436
rnd-1_family-960#Unknown	78	39.0303	21	90.729
rnd-1_family-961#DNA/CMC-EnSpm	770	595.962	6171.03	1746.1
rnd-1_family-962#LINE/Penelope	204	58.3506	26	75.1375
rnd-1_family-963#Unknown	176	39.3676	30	128.502
rnd-1_family-953#LINE/Penelope	104	11.7906	22	314.642
rnd-2_family-14#LINE/RTE-BovB	3284	3109.65	2674.21	145.015
rnd-2_family-7#LINE/RTE-BovB	3201	3026.65	10698.7	596.071
rnd-2_family-15#SINE/tRNA	256	98.4068	1840	3152.99
rnd-2_family-95#LTR/Pao	2119	1944.65	33.9564	2.94448
rnd-2_family-73#LINE/CR1	3150	2975.65	698.163	39.5643
rnd-2_family-116#Unknown	321	155.304	155.45	168.787
rnd-2_family-84#Unknown	2857	2682.65	147.146	9.24939
rnd-2_family-16#Unknown	178	40.563	27.5289	114.443
rnd-2_family-119#LINE/Penelope	1897	1722.65	121.079	11.8522
rnd-2_family-194#Unknown	523	349.918	58.1292	28.0128
rnd-2_family-177#Unknown	613	439.303	73.9055	28.3688
rnd-3_family-163#LINE/RTE-BovB	3919	3744.65	8822.33	397.284
rnd-3_family-133#SINE/MIR	266	106.711	831.36	1313.74
rnd-3_family-135#LINE/RTE-BovB	3836	3661.65	25470.6	1172.98
rnd-3_family-9#Satellite	687	513.021	280.713	92.2692
rnd-3_family-79#LINE/RTE-BovB	3394	3219.65	2246.91	117.681
rnd-3_family-27#LINE/RTE-BovB	2131	1956.65	8643.24	744.891
rnd-3_family-370#LTR/Pao	3978	3803.65	26.1741	1.16038
rnd-3_family-111#LTR/Gypsy	1498	1323.65	118	15.0327
rnd-3_family-368#LTR/Pao	2981	2806.65	199.535	11.9884
rnd-3_family-153#LINE/CR1	1749	1574.65	188.918	20.231
rnd-3_family-88#DNA/TcMar-Tc1	1130	955.649	305	53.8183
rnd-3_family-137#LINE/RTE-BovB	2960	2785.65	2894.54	175.22
rnd-3_family-159#Unknown	163	31.3058	655.334	3529.93
rnd-3_family-509#LTR/Gypsy	1837	1662.65	15	1.52132
rnd-3_family-272#LINE/CR1	1014	839.649	114	22.8948
rnd-3_family-170#LTR/Gypsy	1926	1751.65	26.8087	2.58082
rnd-3_family-200#LINE/CR1-Zenon	2805	2630.65	1860.54	119.263
rnd-3_family-264#LINE/CR1	1305	1130.65	34	5.07084
rnd-3_family-127#LINE/Rex-Babar	1807	1632.65	23	2.37555
rnd-3_family-369#LINE/CR1	2035	1860.65	1	0.0906284
rnd-3_family-185#LTR/Pao	5440	5265.65	195.209	6.25138
rnd-3_family-26#Unknown	281	119.612	42.3731	59.7371
rnd-3_family-15#SINE/tRNA	880	705.962	188.33	44.985
rnd-3_family-52#LINE	2420	2245.65	179.543	13.482
rnd-3_family-792#Unknown	365	196.025	9.12477	7.84945
rnd-3_family-347#Unknown	230	77.863	152.57	330.42
rnd-3_family-391#LINE/CR1	3067	2892.65	8	0.466362
rnd-3_family-214#LINE/CR1	1849	1674.65	217	21.8507
rnd-3_family-257#Unknown	502	329.19	271.1	138.871
rnd-3_family-29#Unknown	355	186.688	119.599	108.028
rnd-3_family-91#Unknown	414	243.004	8	5.55143
rnd-3_family-217#LTR/Gypsy	2371	2196.65	141	10.824
rnd-3_family-190#Unknown	488	315.286	45	24.0678
rnd-3_family-144#Unknown	1400	1225.65	31.185	4.2905
rnd-3_family-231#Unknown	515	342.022	65	32.047
rnd-3_family-12#Unknown	294	130.976	44.7513	57.6158
rnd-3_family-115#LINE/Penelope	804	629.962	83.0982	22.2436
rnd-3_family-389#Unknown	1528	1353.65	297	36.9981
rnd-3_family-324#LINE/CR1	956	781.811	28	6.03927
rnd-3_family-38#Unknown	813	638.962	76	20.0571
rnd-3_family-97#LINE/CR1	1940	1765.65	148.563	14.1885
rnd-3_family-105#Unknown	368	198.765	924.992	784.743
rnd-3_family-531#Unknown	1790	1615.65	357.936	37.3583
rnd-3_family-13#Unknown	339	171.772	25.6755	25.2055
rnd-3_family-301#LINE/RTE-BovB	2054	1879.65	6537.49	586.493
rnd-4_family-469#SINE/tRNA	262	103.375	968.389	1579.66
rnd-4_family-397#LINE/RTE-BovB	2873	2698.65	8927.49	557.843
rnd-4_family-29#Unknown	160	29.5666	13.7414	78.3714
rnd-4_family-377#LTR/Pao	2744	2569.65	77.3177	5.07381
rnd-4_family-502#Unknown	2388	2213.65	32080.6	2443.78
rnd-4_family-286#LINE/RTE-BovB	3625	3450.65	6144.21	300.258
rnd-4_family-408#LINE/CR1	2533	2358.65	674	48.1865
rnd-4_family-330#Unknown	229	77.0546	72	157.566
rnd-4_family-173#LINE/CR1	1976	1801.65	357.404	33.4517
rnd-4_family-345#LINE/CR1	673	499.021	18	6.08251
rnd-4_family-64#LINE/Penelope	1915	1740.65	448.204	43.4203
rnd-4_family-76#Unknown	267	107.56	113	177.157
rnd-4_family-341#Unknown	328	161.713	130.656	136.243
rnd-4_family-35#LINE	1779	1604.65	236.451	24.8479
rnd-4_family-255#DNA/TcMar-Pogo	681	507.021	238	79.1553
rnd-4_family-239#Unknown	451	279.147	210	126.857
rnd-4_family-333#LINE/Rex-Babar	2080	1905.65	365	32.2982
rnd-4_family-437#LINE/Penelope	2281	2106.65	269.981	21.6108
rnd-4_family-661#LINE/CR1	1603	1428.65	106	12.5115
rnd-4_family-60#Unknown	209	61.7806	42	114.637
rnd-4_family-346#LINE/CR1	3122	2947.65	85	4.86264
rnd-4_family-514#LINE/Penelope	1594	1419.65	175.408	20.8351
rnd-4_family-42#DNA/TcMar-ISRm11	2306	2131.65	196	15.5049
rnd-4_family-299#LINE	2776	2601.65	229	14.8428
rnd-4_family-247#LINE/CR1	2643	2468.65	138	9.42646
rnd-4_family-281#DNA/TcMar-Pogo	890	715.962	331	77.9591
rnd-4_family-166#Unknown	1232	1057.65	138	22.0022
rnd-4_family-144#Unknown	1561	1386.65	346	42.0764
rnd-4_family-63#Unknown	922	747.962	116	26.1521
rnd-4_family-712#LTR/Gypsy	2422	2247.65	194	14.5547
rnd-4_family-265#LTR/Gypsy	4982	4807.65	9369.23	328.624
rnd-4_family-907#LINE/CR1	2759	2584.65	39	2.54444
rnd-4_family-122#Unknown	403	232.339	0	0
rnd-4_family-886#DNA/TcMar-Tc1	107	11.0524	56	854.397
rnd-4_family-14#Unknown	70	34.4667	12	58.7098
rnd-4_family-259#Unknown	137	18.297	4	36.8646
rnd-4_family-844#Unknown	133	16.4855	80	818.31
rnd-4_family-959#Unknown	873	698.962	534.286	128.899
rnd-4_family-235#Unknown	322	156.239	249.376	269.149
rnd-4_family-723#LINE/CR1	2784	2609.65	199	12.8588
rnd-4_family-534#LINE/CR1	2884	2709.65	167	10.3928
rnd-4_family-929#LINE/CR1	1542	1367.65	23	2.83584
rnd-4_family-994#LTR/Pao	2366	2191.65	1	0.076941
rnd-4_family-880#LINE/CR1	2756	2581.65	177	11.5613
rnd-4_family-906#LTR/Pao	3516	3341.65	1	0.0504624
rnd-4_family-178#Unknown	232	79.4111	151	320.645
rnd-4_family-380#Unknown	444	272.175	387	239.768
rnd-4_family-204#Unknown	1026	851.649	74	14.6521
rnd-4_family-784#Unknown	589	415.345	114	46.2833
rnd-4_family-1159#Unknown	362	193.262	51	44.4991
rnd-4_family-538#Unknown	186	45.8688	81	297.78
rnd-4_family-539#LINE/CR1	2539	2364.65	57	4.06478
rnd-4_family-23#LINE	2510	2335.65	259.821	18.7584
rnd-4_family-313#LTR/Pao	4560	4385.65	186.281	7.16249
rnd-4_family-244#LINE/RTE-BovB	1574	1399.65	308.738	37.1963
rnd-4_family-209#Unknown	256	98.4068	59	101.101
rnd-4_family-186#LINE/Penelope	518	344.953	179.806	87.8967
rnd-4_family-848#Unknown	407	236.221	21	14.991
rnd-4_family-871#Unknown	356	187.612	199	178.863
rnd-4_family-623#DNA/TcMar-Tc1	756	582.021	344.362	99.7714
rnd-4_family-693#Unknown	102	12.219	120	1656.06
rnd-4_family-549#Unknown	802	627.962	14	3.75944
rnd-4_family-1224#Unknown	600	426.303	65	25.7113
rnd-4_family-103#LTR/Gypsy	1165	990.649	162	27.5755
rnd-4_family-86#LINE/CR1	1102	927.649	170	30.9025
rnd-4_family-352#Unknown	294	130.976	115.118	148.21
rnd-4_family-157#Unknown	465	292.803	18	10.3663
rnd-4_family-111#LTR/Gypsy	2634	2459.65	128	8.77537
rnd-4_family-18#Satellite	414	243.004	201.075	139.532
rnd-4_family-492#LINE/CR1	3523	3348.65	9101.97	458.347
rnd-4_family-610#LINE/CR1	2093	1918.65	76	6.67955
rnd-4_family-98#DNA/TcMar-Tc2	1221	1046.65	402	64.767
rnd-4_family-1769#LINE/Rex-Babar	2413	2238.65	615	46.3253
rnd-4_family-489#LINE/CR1	6149	5974.65	2943.59	83.0796
rnd-4_family-379#LTR/Gypsy	1220	1045.65	77	12.4175
rnd-4_family-79#Satellite	972	797.811	152.767	32.2894
rnd-4_family-596#Unknown	1828	1653.65	41	4.1809
rnd-4_family-96#LTR/Gypsy	1601	1426.65	649	76.7108
rnd-4_family-31#Unknown	943	768.811	18	3.94804
rnd-4_family-735#Unknown	729	555.021	13	3.94969
rnd-4_family-728#Unknown	299	135.401	85	105.858
rnd-4_family-107#LINE/Penelope	728	554.021	70	21.3059
rnd-4_family-327#Unknown	668	494.021	330	112.641
rnd-4_family-85#LINE/CR1	640	466.213	135	48.8291
rnd-4_family-206#DNA/TcMar-Tc1	1044	869.649	89	17.2574
rnd-4_family-561#Unknown	1388	1213.65	0	0
rnd-4_family-389#LINE/RTE-BovB	3062	2887.65	5421.9	316.618
rnd-4_family-1389#Unknown	1228	1053.65	62	9.92258
rnd-4_family-130#Unknown	505	332.19	73	37.0566
rnd-4_family-25#Unknown	1508	1333.65	283.232	35.812
rnd-4_family-1343#Unknown	296	132.768	59	74.9356
rnd-4_family-268#Unknown	209	61.7806	134	365.748
rnd-4_family-391#LINE/RTE-BovB	588	414.387	842.6	342.882
rnd-4_family-234#DNA/PiggyBac	1016	841.649	88	17.6311
rnd-4_family-11#DNA/CMC-EnSpm	1199	1024.65	1257.75	206.99
rnd-4_family-698#LTR/Gypsy	2068	1893.65	612	54.498
rnd-4_family-432#Unknown	401	230.385	18	13.1749
rnd-4_family-92#LINE/Rex-Babar	574	400.549	49	20.6286
rnd-4_family-418#LTR/Gypsy	2069	1894.65	188.828	16.8061
rnd-4_family-997#Unknown	1285	1110.65	71	10.7798
rnd-4_family-669#LINE/CR1	321	155.304	5	5.42897
rnd-4_family-1285#Unknown	968	793.811	13	2.76156
rnd-4_family-356#LTR/Gypsy	169	34.944	13	62.7335
rnd-4_family-406#LINE/CR1	1061	886.649	26	4.94482
rnd-4_family-1198#Unknown	1180	1005.65	245	41.0817
rnd-4_family-226#Unknown	197	53.5153	30	94.5304
rnd-4_family-476#Unknown	788	613.962	160.664	44.1271
rnd-4_family-1026#Unknown	399	228.432	14	10.3348
rnd-4_family-127#Unknown	400	229.409	15	11.0258
rnd-4_family-963#Unknown	2068	1893.65	13342	1188.09
rnd-4_family-504#LINE/CR1	1923	1748.65	4	0.385732
rnd-4_family-454#LINE/RTE-BovB	2617	2442.65	1228.85	84.8336
rnd-4_family-22#Unknown	174	38.0003	39	173.064
rnd-4_family-316#Unknown	1884	1709.65	5	0.493165
rnd-4_family-660#LINE/CR1	2620	2445.65	101	6.96396
rnd-4_family-1109#Unknown	217	67.7796	89.718	223.208
rnd-4_family-133#LTR/Gypsy	1503	1328.65	331	42.0094
rnd-4_family-340#Unknown	403	232.339	75	54.4338
rnd-4_family-159#LINE/Penelope	711	537.021	306.727	96.3141
rnd-4_family-736#Unknown	126	14.0628	9	107.919
rnd-4_family-1601#LTR/Gypsy	440	268.23	75	47.1501
rnd-4_family-32#Unknown	517	343.988	31	15.1966
rnd-4_family-1287#Unknown	658	484.07	50	17.4177
rnd-4_family-248#SINE?	188	47.3038	176.054	627.593
rnd-4_family-358#Satellite	633	459.259	199.059	73.089
rnd-4_family-833#DNA/TcMar-ISRm11	1885	1710.65	124	12.2233
rnd-4_family-371#Satellite	475	302.565	151.76	84.5802
rnd-4_family-47#LINE/Penelope	960	785.811	4759	1021.24
rnd-4_family-100#LINE/CR1	744	570.021	19	5.62072
rnd-4_family-212#Unknown	203	57.5762	35	102.507
rnd-4_family-499#Unknown	356	187.612	442.217	397.469
rnd-4_family-809#LTR/Gypsy	1468	1293.65	78	10.1673
rnd-4_family-1297#Unknown	627	453.259	145	53.9449
rnd-4_family-631#Unknown	379	209.291	0	0
rnd-4_family-697#LTR/Gypsy	652	478.166	342	120.608
rnd-4_family-298#DNA/TcMar-Tc1	461	288.862	1	0.583766
rnd-4_family-554#LINE/CR1	717	543.021	20	6.21073
rnd-4_family-551#LTR/Gypsy	672	498.021	115	38.9385
rnd-4_family-881#Unknown	1362	1187.65	124.006	17.6069
rnd-4_family-882#LTR/Pao	3618	3443.65	0	0
rnd-4_family-134#Unknown	262	103.375	7	11.4186
rnd-4_family-1310#Unknown	682	508.021	138.288	45.902
rnd-4_family-548#Unknown	819	644.962	2	0.522907
rnd-4_family-124#LINE/CR1-Zenon	1442	1267.65	520.463	69.234
rnd-4_family-843#LINE/CR1	707	533.021	114	36.0653
rnd-4_family-34#LINE/Penelope	1304	1129.65	251.138	37.4884
rnd-4_family-1942#Unknown	81	40.8235	13	53.6984
rnd-4_family-45#LTR/Gypsy	1265	1090.65	136	21.0273
rnd-4_family-246#LINE/CR1	456	284.034	41	24.3412
rnd-4_family-779#Unknown	524	350.883	231.22	111.12
rnd-4_family-475#Unknown	754	580.021	469.971	136.633
rnd-4_family-41#Unknown	73	35.2188	55	263.34
rnd-4_family-1488#LINE/CR1	948	773.811	19	4.14045
rnd-4_family-1937#Unknown	776	601.962	5	1.40065
rnd-4_family-624#Unknown	1495	1320.65	145	18.5144
rnd-4_family-1533#LTR/Gypsy	1292	1117.65	325	49.0351
rnd-4_family-154#Unknown	711	537.021	5	1.57003
rnd-4_family-674#LTR/Gypsy	2052	1877.65	129	11.5852
rnd-4_family-328#Unknown	969	794.811	60	12.7296
rnd-4_family-427#Unknown	361	192.341	28.5083	24.9936
rnd-4_family-117#RC/Helitron	2055	1880.65	933	83.6571
rnd-5_family-374#SINE/tRNA-Core-RTE	262	103.375	1184.61	1932.36
rnd-5_family-52#LINE/CR1	889	714.962	489	115.333
rnd-5_family-476#LINE/RTE-BovB	3829	3654.65	20335.1	938.273
rnd-5_family-216#LINE/RTE-BovB	3997	3822.65	6088.52	268.582
rnd-5_family-4#LINE/CR1	5993	5818.65	8	0.231844
rnd-5_family-79#LINE/CR1	2017	1842.65	1571	143.768
rnd-5_family-339#LINE/CR1	1127	952.649	116.696	20.6563
rnd-5_family-113#LINE	2796	2621.65	424.837	27.326
rnd-5_family-65#LINE/RTE-BovB	2402	2227.65	7646.25	578.802
rnd-5_family-336#DNA/TcMar-ISRm11	1344	1169.65	50	7.20847
rnd-5_family-283#LINE/RTE-BovB	3824	3649.65	6732.27	311.057
rnd-5_family-226#LTR/Gypsy	2552	2377.65	813	57.6596
rnd-5_family-364#DNA/TcMar-Pogo	1189	1014.65	263	43.7088
rnd-5_family-455#DNA/CMC-EnSpm	1938	1763.65	792	75.7254
rnd-5_family-45#DNA/MuLE-NOF	2109	1934.65	4076	355.272
rnd-5_family-640#Unknown	368	198.765	88.1874	74.8163
rnd-5_family-268#Satellite	388	217.817	899.151	696.098
rnd-5_family-167#LINE/CR1	3207	3032.65	63	3.50306
rnd-5_family-443#Unknown	1080	905.649	53	9.86836
rnd-5_family-184#LINE/Penelope	122	12.8975	83	1085.18
rnd-5_family-190#LTR/Pao	2725	2550.65	3545	234.366
rnd-5_family-158#Unknown	728	554.021	6	1.82622
rnd-5_family-98#LTR/Gypsy	1002	827.649	432	88.017
rnd-5_family-63#LTR/Gypsy	2432	2257.65	474.867	35.4686
rnd-5_family-270#Unknown	314	148.823	38	43.0568
rnd-5_family-73#LINE/CR1	1510	1335.65	32	4.04005
rnd-5_family-585#LTR/Gypsy	3199	3024.65	523	29.1579
rnd-5_family-254#DNA/TcMar-Tc1	681	507.021	175	58.2024
rnd-5_family-389#Unknown	679	505.021	224.852	75.0786
rnd-5_family-798#Unknown	158	28.4179	13	77.14
rnd-5_family-320#Unknown	152	25.0939	8.8124	59.2183
rnd-5_family-1347#LINE/CR1	1036	861.649	206	40.3149
rnd-5_family-193#Unknown	341	173.683	291	282.53
rnd-5_family-1292#LTR/Gypsy	738	564.021	169	50.5266
rnd-5_family-882#Unknown	1250	1075.65	1800.28	282.226
rnd-5_family-68#Unknown	1910	1735.65	30.2387	2.93786
rnd-5_family-841#DNA/TcMar-Tc2	858	683.962	245.192	60.4509
rnd-5_family-762#LINE/CR1	3363	3188.65	20	1.05767
rnd-5_family-966#Unknown	616	442.303	198	75.4873
rnd-5_family-119#Unknown	439	267.284	15	9.46341
rnd-5_family-1812#Unknown	78	39.0303	35	151.215
rnd-5_family-62#Unknown	2475	2300.65	16169	1185.12
rnd-5_family-687#LTR/Gypsy	780	605.962	322	89.6065
rnd-5_family-495#LTR/Pao	313	147.869	391.808	446.812
rnd-5_family-210#LINE/Rex-Babar	1204	1029.65	252	41.2705
rnd-5_family-287#Unknown	85	37.5366	143	642.407
rnd-5_family-915#LTR/Gypsy	3053	2878.65	422	24.7202
rnd-5_family-102#Unknown	1820	1645.65	828	84.8442
rnd-5_family-387#LINE/CR1	1775	1600.65	50	5.26748
rnd-5_family-66#Unknown	653	479.166	132	46.4533
rnd-5_family-80#Unknown	635	461.259	264	96.5135
rnd-5_family-292#Unknown	588	414.387	1451	590.46
rnd-5_family-315#Unknown	278	116.941	1	1.44199
rnd-5_family-109#LINE/CR1	1028	853.649	182	35.9518
rnd-5_family-977#SINE?	428	256.729	229.781	150.927
rnd-5_family-521#Unknown	1072	897.649	346	64.9978
rnd-5_family-1666#Unknown	262	103.375	149	243.053
rnd-5_family-805#DNA/CMC-EnSpm	1003	828.649	3725	758.027
rnd-5_family-434#LINE/Rex-Babar	2779	2604.65	1120.99	72.5739
rnd-5_family-271#Unknown	414	243.004	38	26.3693
rnd-5_family-1849#buffer	2339	2164.65	12212	951.323
rnd-5_family-25#LINE/CR1	380	210.228	27	21.6572
rnd-5_family-751#Unknown	968	793.811	36	7.6474
rnd-5_family-157#Unknown	1166	991.649	2	0.340095
rnd-5_family-259#LINE/CR1-Zenon	1713	1538.65	2	0.219189
rnd-5_family-547#LTR/Gypsy	1529	1354.65	473	58.8794
rnd-5_family-1323#LTR/Gypsy	1199	1024.65	65	10.6971
rnd-5_family-96#Unknown	331	164.377	184	188.758
rnd-5_family-77#LINE/CR1	568	394.629	8	3.41846
rnd-5_family-946#Unknown	1091	916.649	82	15.0848
rnd-5_family-891#LINE/CR1	2190	2015.65	144	12.0469
rnd-5_family-505#Unknown	111	10.9618	51	784.547
rnd-5_family-189#LTR/Pao	1232	1057.65	872	139.028
rnd-5_family-1190#Unknown	456	284.034	231.142	137.227
rnd-5_family-555#DNA/TcMar-ISRm11	1198	1023.65	220.148	36.2654
rnd-5_family-53#LINE/Penelope	696	522.021	244	78.819
rnd-5_family-959#DNA/TcMar-Tc2	720	546.021	93	28.7212
rnd-5_family-519#LINE/CR1	930	755.811	160	35.6973
rnd-5_family-2#Unknown	157	27.8162	37	224.302
rnd-5_family-880#Unknown	1093	918.649	295	54.1503
rnd-5_family-299#LINE/CR1	3074	2899.65	37	2.15172
rnd-5_family-183#Unknown	401	230.385	64	46.844
rnd-5_family-518#Unknown	441	269.23	43	26.9323
rnd-5_family-97#LTR/Gypsy	639	465.213	372	134.84
rnd-5_family-300#LINE/CR1	2945	2770.65	177	10.7726
rnd-5_family-298#Unknown	103	11.8	32	457.295
rnd-5_family-1493#LINE/CR1	2612	2437.65	91	6.29505
rnd-5_family-1243#Unknown	383	213.035	56	44.3268
rnd-5_family-453#Unknown	691	517.021	54	17.6122
rnd-5_family-125#Unknown	338	170.86	262	258.577
rnd-5_family-1086#Unknown	322	156.239	0	0
rnd-5_family-743#LINE/CR1	2006	1831.65	99.4144	9.15242
rnd-5_family-471#Unknown	1068	893.649	80	15.0957
rnd-5_family-409#Unknown	1428	1253.65	44	5.91842
rnd-5_family-441#Unknown	810	635.962	3	0.795461
rnd-5_family-1410#LINE/CR1	3078	2903.65	71	4.12328
rnd-5_family-1213#LTR/Gypsy	787	612.962	76	20.9078
rnd-5_family-415#Unknown	423	251.78	12	8.0369
rnd-5_family-367#Unknown	793	618.962	36	9.8077
rnd-5_family-1675#Unknown	423	251.78	8	5.35793
rnd-5_family-1421#Unknown	580	406.469	10	4.1486
rnd-5_family-357#LINE/CR1	2985	2810.65	47	2.81981
rnd-5_family-615#Unknown	106	11.3357	165	2454.51
rnd-5_family-962#Unknown	873	698.962	2	0.482509
rnd-5_family-191#DNA/CMC-EnSpm	1977	1802.65	2479	231.896
rnd-5_family-139#Unknown	432	260.469	6	3.8844
rnd-5_family-24#LTR/Gypsy	791	616.962	41	11.2061
rnd-5_family-429#Unknown	439	267.284	114	71.9219
rnd-5_family-895#LINE/L2	856	681.962	74	18.2979
rnd-5_family-297#Unknown	133	16.4855	59	603.503
rnd-5_family-793#LINE	440	268.23	38	23.8894
rnd-5_family-369#Unknown	352	183.84	41.5498	38.1117
rnd-5_family-1565#LINE/Penelope	674	500.021	142	47.8883
rnd-5_family-1260#Unknown	1981	1806.65	0	0
rnd-5_family-475#Unknown	518	344.953	330	161.318
rnd-5_family-1682#Unknown	887	712.962	57.8159	13.6745
rnd-5_family-1082#LTR/Gypsy	1619	1444.65	243	28.3643
rnd-5_family-750#LINE/CR1	953	778.811	20	4.33038
rnd-5_family-85#Unknown	518	344.953	649	317.258
rnd-5_family-765#DNA/CMC-EnSpm	2379	2204.65	9807	750.111
rnd-5_family-496#Unknown	576	402.549	0	0
rnd-5_family-6#DNA/Zisupton	5572	5397.65	376	11.7466
rnd-5_family-240#LTR/Gypsy	1471	1296.65	8	1.04039
rnd-5_family-470#Unknown	519	345.953	354	172.55
rnd-5_family-761#Unknown	85	37.5366	41	184.187
rnd-5_family-238#RC/Helitron	492	319.222	57	30.11
rnd-5_family-598#Unknown	174	38.0003	191	847.569
rnd-5_family-1084#DNA/CMC-EnSpm	2797	2622.65	89	5.72241
rnd-5_family-542#DNA/TcMar-Pogo	1468	1293.65	105	13.6868
rnd-5_family-377#LTR/Gypsy	1696	1521.65	14	1.55147
rnd-5_family-232#Unknown	452	280.147	72.3055	43.5225
rnd-5_family-748#Unknown	340	172.736	44	42.9534
rnd-5_family-337#Unknown	487	314.286	61.286	32.8825
rnd-5_family-168#Unknown	82	40.6571	4	16.5902
rnd-5_family-1156#Unknown	537	363.704	54	25.0366
rnd-5_family-241#Unknown	335	168.069	191	191.635
rnd-5_family-86#Unknown	60	24.4667	11	75.8135
rnd-5_family-460#Unknown	51	20.7083	0	0
rnd-5_family-111#Unknown	547	373.667	2	0.902556
rnd-5_family-933#Unknown	54	23.7083	8	56.9007
rnd-5_family-466#LINE/Penelope	995	820.649	294.709	60.5571
rnd-5_family-533#Unknown	2440	2265.65	171	12.7272
rnd-5_family-2143#LTR/Pao	1538	1363.65	27	3.3388
rnd-5_family-82#LINE/RTE-BovB	600	426.303	709.827	280.778
rnd-5_family-258#LTR/Gypsy	2651	2476.65	261	17.7707
rnd-5_family-1238#DNA/CMC-EnSpm	4571	4396.65	411	15.7634
rnd-5_family-902#Unknown	177	40.0343	37	155.847
rnd-5_family-451#LINE/CR1	685	511.021	6	1.97989
rnd-5_family-2138#Unknown	803	628.962	97	26.0062
rnd-5_family-291#LTR/Gypsy	1323	1148.65	167	24.5165
rnd-5_family-530#Unknown	1504	1329.65	219.858	27.8826
rnd-5_family-23#LINE/Penelope	1577	1402.65	169	20.3173
rnd-5_family-672#Unknown	477	304.504	92	50.9476
rnd-5_family-1503#LTR/Gypsy	3289	3114.65	2355	127.5
rnd-5_family-150#LINE/CR1	1469	1294.65	31	4.03774
rnd-5_family-175#Unknown	152	25.0939	23	154.557
rnd-5_family-424#LINE/CR1	1607	1432.65	33	3.88421
rnd-5_family-795#Unknown	731	557.021	49	14.8338
rnd-5_family-75#LINE/CR1	2508	2333.65	36	2.60133
rnd-5_family-481#LTR/Gypsy	2128	1953.65	1072	92.5288
rnd-5_family-1121#Unknown	550	376.667	2	0.895368
rnd-5_family-349#DNA/CMC-EnSpm	230	77.863	618	1338.4
rnd-5_family-359#LTR/Gypsy	1270	1095.65	96	14.775
rnd-5_family-1014#Unknown	1483	1308.65	71	9.1488
rnd-5_family-188#Unknown	517	343.988	353	173.046
rnd-5_family-694#DNA/TcMar-Tc1	1200	1025.65	95	15.619
rnd-5_family-64#LINE/RTE-BovB	1020	845.649	534.698	106.622
rnd-5_family-486#LTR/Gypsy	3221	3046.65	4935	273.145
rnd-5_family-169#DNA/PIF-Spy	741	567.021	229	68.1029
rnd-5_family-1052#Unknown	200	55.5329	78	236.85
rnd-5_family-378#LTR/Gypsy	1183	1008.65	69	11.5355
rnd-5_family-544#DNA/TcMar-Tc2	1243	1068.65	103	16.2529
rnd-5_family-263#DNA/MuLE-MuDR	3175	3000.65	1351	75.9222
rnd-5_family-510#Unknown	198	54.2333	9.36307	29.1126
rnd-5_family-586#LTR/Pao	3932	3757.65	312.247	14.0124
rnd-5_family-651#Unknown	728	554.021	155.912	47.455
rnd-5_family-791#Unknown	1501	1326.65	804	102.195
rnd-5_family-507#Unknown	138	18.6806	2	18.0538
rnd-5_family-755#Unknown	867	692.962	83	20.1975
rnd-5_family-173#LINE/CR1	2494	2319.65	137	9.95926
rnd-5_family-1311#LTR/Gypsy	2611	2436.65	440	30.4501
rnd-5_family-899#Unknown	237	83.2015	115	233.075
rnd-5_family-219#Unknown	398	227.524	8	5.92914
rnd-5_family-400#Unknown	223	72.33	70	163.196
rnd-5_family-305#DNA/TcMar-Tc1	807	632.962	13	3.46334
rnd-5_family-381#Unknown	52	21.7083	26	201.965
rnd-5_family-621#Unknown	682	508.021	27	8.96213
rnd-5_family-1105#LTR/Pao	1606	1431.65	0	0
rnd-5_family-172#LINE/RTE-BovB	1616	1441.65	304.866	35.6598
rnd-5_family-1210#LINE/Penelope	941	766.811	229	50.3588
rnd-5_family-846#LTR/Gypsy	483	310.411	40	21.7296
rnd-5_family-212#LINE/Penelope	532	358.812	15	7.04942
rnd-5_family-1091#Unknown	820	645.962	256	66.8285
rnd-5_family-918#LINE/Penelope	1098	923.649	226	41.2601
rnd-5_family-140#Unknown	1241	1066.65	26	4.11037
rnd-5_family-195#LTR/Pao	1640	1465.65	8148	937.454
rnd-5_family-924#Unknown	166	33.06	35	178.523
rnd-5_family-67#LINE/RTE-BovB	1770	1595.65	177	18.7053
rnd-5_family-18#LINE/CR1	1917	1742.65	400.853	38.7886
rnd-5_family-2837#Simple_repeat	317	151.511	9	10.0168
rnd-5_family-635#Unknown	1682	1507.65	732.778	81.9598
rnd-5_family-420#Unknown	946	771.811	23	5.02511
rnd-5_family-1195#Unknown	778	603.962	2232.94	623.443
rnd-5_family-20#LTR/Pao	2357	2182.65	13	1.00436
rnd-5_family-956#Unknown	359	190.419	0	0
rnd-5_family-1586#DNA/TcMar-Tc1	1039	864.649	119.184	23.2438
rnd-5_family-317#Unknown	264	104.976	31	49.7966
rnd-5_family-57#LTR/Pao	2126	1951.65	1652	142.737
rnd-5_family-1412#LINE/CR1	1201	1026.65	5	0.821253
rnd-5_family-368#LINE/Penelope	484	311.38	69	37.3669
rnd-5_family-837#Unknown	2121	1946.65	58	5.02423
rnd-5_family-661#LTR/Gypsy	1680	1505.65	155	17.3595
rnd-5_family-675#Unknown	312	146.915	166.816	191.47
rnd-5_family-655#Unknown	312	146.915	12	13.7735
rnd-5_family-330#Unknown	855	680.962	15	3.71447
rnd-5_family-1808#Unknown	828	653.962	20	5.15711
rnd-5_family-975#Unknown	188	47.3038	34.3023	122.28
rnd-5_family-991#Unknown	182	43.0678	2.30397	9.02095
rnd-5_family-185#LINE/CR1	1082	907.649	26	4.83041
rnd-5_family-36#LTR/Gypsy	2547	2372.65	264.115	18.771
rnd-5_family-1432#LINE/CR1	973	798.811	36	7.59953
rnd-5_family-1113#Unknown	512	339.056	0	0
rnd-5_family-1891#Unknown	915	740.962	114	25.944
rnd-5_family-1264#Unknown	285	123.093	0	0
rnd-5_family-2838#Unknown	249	92.6503	96	174.724
rnd-5_family-1110#Unknown	1438	1263.65	7	0.934115
rnd-5_family-1390#Unknown	153	25.6441	179	1177.05
rnd-5_family-506#LINE/Penelope	1196	1021.65	32	5.28174
rnd-5_family-884#LTR/Gypsy	3148	2973.65	33	1.87134
rnd-5_family-2507#LTR/Pao	1565	1390.65	30	3.63775
rnd-5_family-1702#Unknown	354	185.745	160	145.255
rnd-5_family-186#Unknown	573	399.549	13	5.48658
rnd-5_family-520#Unknown	552	378.667	7	3.11724
rnd-5_family-597#Unknown	416	244.98	29	19.9617
rnd-5_family-418#Unknown	867	692.962	0	0
rnd-5_family-669#LTR/Gypsy	2305	2130.65	34	2.69089
rnd-5_family-421#Unknown	510	337.056	31	15.5092
rnd-5_family-294#LTR/Pao	2158	1983.65	85	7.22575
rnd-5_family-681#LINE/CR1	2290	2115.65	0	0
rnd-5_family-362#Unknown	1802	1627.65	418	43.3056
rnd-5_family-124#Unknown	286	123.975	15	20.4026
rnd-5_family-92#DNA/TcMar-Tc1	371	201.582	13	10.8748
rnd-5_family-1814#Unknown	2035	1860.65	16307	1477.88
rnd-5_family-435#Unknown	648	474.166	9	3.20067
rnd-5_family-1804#Unknown	1408	1233.65	2	0.27338
rnd-5_family-408#DNA/CMC-EnSpm	2422	2247.65	23	1.72555
rnd-5_family-163#LTR/Gypsy	2980	2805.65	514	30.8929
rnd-5_family-1686#Unknown	192	50.1207	7	23.551
rnd-5_family-174#Unknown	79	40.0303	0	0
rnd-5_family-2505#LINE/Penelope	1082	907.649	44	8.17455
rnd-5_family-44#Unknown	404	233.292	0	0
rnd-5_family-1341#Unknown	506	333.157	271	137.167
rnd-5_family-478#Unknown	77	39.2188	37	159.088
rnd-5_family-673#LTR/Gypsy	3105	2930.65	142	8.17059
rnd-5_family-311#LTR/Gypsy	3215	3040.65	41	2.27377
rnd-5_family-1980#Unknown	284	122.25	0	0
rnd-5_family-76#Unknown	413	242.004	159	110.791
rnd-5_family-747#Unknown	581	407.469	4843	2004.24
rnd-5_family-989#LINE/R2	3323	3148.65	49	2.62422
rnd-5_family-106#Unknown	470	297.655	0	0
rnd-5_family-652#Satellite	585	411.428	115.395	47.2957
rnd-5_family-454#Unknown	134	16.7826	318	3195.19
rnd-5_family-309#LINE/CR1	649	475.166	19	6.74275
rnd-5_family-2708#LTR/Gypsy	1733	1558.65	30	3.24565
rnd-5_family-114#Unknown	784	609.962	1	0.276456
rnd-5_family-324#Unknown	192	50.1207	242	814.193
rnd-5_family-1068#LINE/CR1	424	252.78	9	6.00383
rnd-5_family-438#Unknown	1758	1583.65	1	0.10648
rnd-5_family-947#Unknown	760	586.021	23	6.61826
rnd-5_family-40#LTR/Pao	1854	1679.65	1702	170.872
rnd-5_family-100#Unknown	43	14.1818	9	107.014
rnd-5_family-1505#DNA/MuLE-MuDR	1752	1577.65	1099	117.467
rnd-5_family-122#Unknown	66	30.4667	43	237.997
rnd-5_family-323#LINE/Penelope	600	426.303	26	10.2845
rnd-5_family-523#Unknown	414	243.004	484.883	336.474
rnd-5_family-1411#Unknown	466	293.774	0	0
rnd-5_family-953#LTR/Gypsy	1608	1433.65	81.7246	9.61256
rnd-5_family-1316#Unknown	887	712.962	20	4.73034
rnd-5_family-2110#Unknown	1192	1017.65	169	28.0038
rnd-5_family-15#DNA/CMC-EnSpm	4758	4583.65	291	10.7056
rnd-5_family-2381#Unknown	556	382.629	0	0
rnd-5_family-48#LTR/Pao	776	601.962	270.88	75.8817
rnd-5_family-112#LINE/CR1	571	397.589	0	0
rnd-5_family-342#Unknown	249	92.6503	67	121.943
rnd-5_family-2681#Unknown	206	59.6446	44	124.397
rnd-5_family-690#Unknown	321	155.304	44	47.7749
rnd-5_family-1081#LTR/Gypsy	213	64.8849	51	132.543
rnd-5_family-11#LINE/CR1	5292	5117.65	1976.69	65.1323
rnd-5_family-1197#LTR/Gypsy	1358	1183.65	260	37.0407
rnd-5_family-1351#Unknown	984	809.811	60	12.4938
rnd-5_family-81#DNA/TcMar-Pogo	352	183.84	35	32.1039
rnd-5_family-2037#Unknown	457	284.948	97	57.403
rnd-5_family-1584#Unknown	1041	866.649	137	26.6567
rnd-5_family-657#Unknown	618	444.259	131	49.7238
rnd-5_family-2636#Unknown	2007	1832.65	190	17.4825
rnd-5_family-218#Unknown	680	506.021	7	2.3327
rnd-5_family-1407#Unknown	282	120.535	73.714	103.125
rnd-5_family-2006#Unknown	386	215.905	26	20.3067
rnd-5_family-1094#Unknown	814	639.962	12	3.16196
rnd-5_family-1393#Unknown	42	13.8095	1	12.211
rnd-5_family-4380#Unknown	120	12.3132	108	1479.05
rnd-5_family-2741#Unknown	1493	1318.65	30	3.83637
rnd-5_family-2170#Unknown	441	269.23	793	496.682
rnd-5_family-1916#DNA/CMC-EnSpm	2625	2450.65	385	26.4916
rnd-5_family-277#LTR/Gypsy	1129	954.649	350	61.8234
rnd-5_family-699#Unknown	56	23.8462	38	268.716
rnd-5_family-2168#LTR/Gypsy	404	233.292	25	18.0705
rnd-5_family-1119#SINE/tRNA	419	247.856	75.3948	51.2946
rnd-5_family-733#Unknown	3796	3621.65	815.948	37.9914
rnd-5_family-143#Unknown	458	285.919	13	7.66705
rnd-5_family-930#Unknown	241	86.2887	1	1.95423
rnd-5_family-1103#LINE/CR1	625	451.259	23.0803	8.62471
rnd-5_family-220#Unknown	292	129.211	76.7165	100.12
rnd-5_family-1920#LINE/CR1	3277	3102.65	30	1.63049
rnd-5_family-1669#Unknown	231	78.624	0	0
rnd-5_family-56#LINE/Rex-Babar	1106	931.649	57	10.317
rnd-5_family-2365#LTR/Pao	924	749.962	22	4.94666
rnd-5_family-160#LTR/Gypsy	1179	1004.65	113	18.9668
rnd-5_family-892#LINE/CR1	2228	2053.65	6	0.492667
rnd-5_family-1722#LINE/CR1-Zenon	2606	2431.65	2101.77	145.752
rnd-5_family-772#LINE	2951	2776.65	450.938	27.3858
rnd-5_family-1101#Unknown	430	258.573	0	0
rnd-5_family-901#Unknown	430	258.573	3	1.95644
rnd-5_family-155#Unknown	1114	939.649	1	0.179458
rnd-5_family-546#LTR/Gypsy	396	225.547	125	93.4549
rnd-5_family-1132#Unknown	1211	1036.65	2	0.325332
rnd-5_family-410#Unknown	66	30.4667	54	298.881
rnd-5_family-1569#Unknown	1025	850.649	6	1.1894
rnd-5_family-28#LTR/Gypsy	673	499.021	15	5.06876
rnd-5_family-1151#LTR/Gypsy	315	149.745	24	27.0263
rnd-5_family-479#Unknown	187	46.5378	43	155.809
rnd-5_family-1330#LINE/CR1	1030	855.649	0	0
rnd-5_family-1478#Unknown	516	342.988	456	224.189
rnd-5_family-965#Unknown	463	290.862	1	0.579752
rnd-5_family-1556#LTR/Gypsy	638	464.213	153	55.578
rnd-5_family-1025#LTR/Gypsy	1474	1299.65	640	83.0391
rnd-5_family-304#Unknown	1331	1156.65	147	21.4311
rnd-5_family-355#Unknown	543	369.667	132	60.2133
rnd-5_family-526#Unknown	518	344.953	26	12.7099
rnd-5_family-952#LTR/Gypsy	1392	1217.65	84	11.6328
rnd-5_family-625#buffer	279	117.815	6	8.58775
rnd-5_family-452#Unknown	63	27.4667	2	12.2787
rnd-5_family-1602#Unknown	511	338.056	103.783	51.7683
rnd-5_family-2302#Unknown	258	100.067	3	5.05542
rnd-5_family-1395#LINE/CR1	2073	1898.65	2	0.177629
rnd-5_family-1368#Unknown	376	206.333	0	0
rnd-5_family-1313#LTR/Gypsy-Cigr	1558	1383.65	209	25.4712
rnd-5_family-243#Unknown	641	467.213	0	0
rnd-5_family-166#Unknown	66	30.4667	0	0
rnd-5_family-1662#LTR/Pao	2433	2258.65	1	0.0746586
rnd-5_family-1810#DNA/TcMar-Tc1	1546	1371.65	16	1.96701
rnd-5_family-980#Unknown	183	43.7675	123	473.895
rnd-5_family-2557#Unknown	380	210.228	0	0
rnd-5_family-2346#LINE/CR1-Zenon	1085	910.649	1	0.185173
rnd-5_family-754#Unknown	354	185.745	3	2.72353
rnd-5_family-577#Unknown	170	35.5164	92.8618	440.896
rnd-5_family-1310#Unknown	335	168.069	4	4.0133
rnd-5_family-1080#LINE/CR1	221	70.7519	7	16.6836
rnd-5_family-713#Unknown	380	210.228	198	158.82
rnd-5_family-897#Unknown	422	250.78	188	126.413
rnd-5_family-4966#Unknown	181	42.5318	14	55.5064
rnd-5_family-1919#Unknown	1991	1816.65	31	2.87753
rnd-5_family-1055#LINE/CR1-Zenon	1120	945.649	756.307	134.864
rnd-5_family-321#Unknown	168	34.3108	100	491.471
rnd-5_family-1338#LTR/Gypsy	1466	1291.65	95	12.4025
rnd-5_family-296#Unknown	356	187.612	18	16.1786
rnd-5_family-246#LTR/Pao	825	650.962	180	46.6279
rnd-5_family-148#LTR/Gypsy	886	711.962	533	126.241
rnd-5_family-2296#LINE/CR1	1051	876.649	366.307	70.4608
rnd-5_family-1870#LINE/CR1	110	10.8534	0	0
rnd-5_family-986#LTR/Gypsy	2675	2500.65	28	1.88814
rnd-5_family-560#Unknown	200	55.5329	175	531.394
rnd-5_family-1362#Unknown	4601	4426.65	1103	42.0174
rnd-5_family-1446#Unknown	2173	1998.65	231	19.4897
rnd-5_family-39#Unknown	298	134.515	7	8.77519
rnd-5_family-1402#Unknown	884	709.962	141	33.4898
rnd-5_family-2216#Unknown	115	11.1815	6.90876	104.191
rnd-5_family-668#Unknown	901	726.962	9	2.08766
rnd-5_family-641#LINE/CR1	151	24.5798	1	6.86042
rnd-5_family-812#Unknown	237	83.2015	50	101.337
rnd-5_family-988#LTR/Gypsy	361	192.341	26	22.7945
rnd-5_family-712#DNA/CMC-EnSpm	362	193.262	6	5.23519
rnd-5_family-596#Unknown	354	185.745	56	50.8392
rnd-5_family-1728#Unknown	1248	1073.65	152	23.8732
rnd-5_family-27#LTR/Pao	955	780.811	0	0
rnd-5_family-1051#Unknown	703	529.021	2	0.637509
rnd-5_family-2255#Unknown	402	231.362	29	21.1366
rnd-5_family-714#LTR/Gypsy	533	359.776	35	16.4046
rnd-5_family-353#LINE/CR1	2947	2772.65	0	0
rnd-5_family-464#LINE/Penelope	510	337.056	5	2.50148
rnd-5_family-266#Unknown	1591	1416.65	114	13.5697
rnd-6_family-42#SINE/tRNA	261	102.544	795.72	1308.52
rnd-6_family-134#LTR/Gypsy	4060	3885.65	1266.6	54.9674
rnd-6_family-131#LINE/RTE-BovB	3643	3468.65	5155.87	250.651
rnd-6_family-142#Satellite	826	651.962	346.027	89.4987
rnd-6_family-324#LINE/RTE-BovB	3268	3093.65	2351.17	128.157
rnd-6_family-402#LINE/RTE-BovB	3820	3645.65	3066.47	141.838
rnd-6_family-498#LTR/Pao	4693	4518.65	540.97	20.188
rnd-6_family-6#LINE/RTE-BovB	3184	3009.65	9915.98	555.582
rnd-6_family-13#LINE/Penelope	1261	1086.65	712.669	110.593
rnd-6_family-168#LINE/CR1	937	762.811	48	10.6109
rnd-6_family-397#Unknown	521	347.953	0	0
rnd-6_family-364#Unknown	753	579.021	44	12.8141
rnd-6_family-295#LTR/Pao	2477	2302.65	1	0.073232
rnd-6_family-284#LINE/Penelope	641	467.213	16	5.77476
rnd-6_family-610#Unknown	649	475.166	64.1941	22.7813
rnd-6_family-1067#Unknown	476	303.565	20	11.1098
rnd-6_family-319#LTR/Gypsy	2334	2159.65	190	14.8354
rnd-6_family-1649#Unknown	245	89.5002	0	0
rnd-6_family-462#Unknown	954	779.811	96	20.7592
rnd-6_family-1202#Unknown	171	36.157	33.5359	156.403
rnd-6_family-454#LINE/CR1	2880	2705.65	326.921	20.3751
rnd-6_family-1233#Unknown	1493	1318.65	2528	323.278
rnd-6_family-1090#Unknown	131	15.7101	48	515.219
rnd-6_family-209#Unknown	497	324.19	175.286	91.1753
rnd-6_family-611#Unknown	426	254.78	154.274	102.107
rnd-6_family-208#LINE/CR1	834	659.962	13	3.32165
rnd-6_family-184#Unknown	404	233.292	20	14.4564
rnd-6_family-214#LTR/Gypsy	407	236.221	8	5.71085
rnd-6_family-61#Unknown	256	98.4068	247.738	424.519
rnd-6_family-318#LTR/Gypsy	1762	1587.65	149	15.8256
rnd-6_family-1721#Unknown	339	171.772	27	26.5058
rnd-6_family-461#Unknown	261	102.544	0	0
rnd-6_family-89#Unknown	353	184.783	30	27.3771
rnd-6_family-239#DNA/TcMar-Tc1	1366	1191.65	7	0.990555
rnd-6_family-15#LINE	2907	2732.65	852.776	52.6235
rnd-6_family-504#Unknown	2165	1990.65	627.795	53.1805
rnd-6_family-216#LINE/CR1-Zenon	2703	2528.65	4586.97	305.891
rnd-6_family-955#LINE/RTE-BovB	503	330.19	18.0041	9.19467
rnd-6_family-509#LINE/CR1	5348	5173.65	972.85	31.7087
rnd-6_family-429#Unknown	382	212.099	40	31.8016
rnd-6_family-896#Unknown	265	105.838	63	100.375
rnd-6_family-2096#Unknown	144	21.155	7.03121	56.046
rnd-6_family-473#Unknown	547	373.667	3	1.35383
rnd-6_family-1229#Unknown	100	13.8488	0	0
rnd-6_family-54#LTR/Gypsy	1067	892.649	1592	300.74
rnd-6_family-553#Unknown	703	529.021	459.334	146.415
rnd-6_family-834#DNA/TcMar-ISRm11	1378	1203.65	225	31.5218
rnd-6_family-1362#LINE/Penelope	624	450.259	262	98.1223
rnd-6_family-331#Unknown	439	267.284	3	1.89268
rnd-6_family-66#LINE/RTE-BovB	1532	1357.65	4042.52	502.104
rnd-6_family-549#LINE/CR1	710	536.021	25	7.86479
rnd-6_family-1227#Unknown	1613	1438.65	5	0.586063
rnd-6_family-899#Unknown	219	69.2859	26	63.2787
rnd-6_family-221#LTR/Gypsy	782	607.962	288	79.8813
rnd-6_family-1567#Unknown	561	387.629	0	0
rnd-6_family-643#Unknown	1256	1081.65	0	0
rnd-6_family-945#Unknown	1080	905.649	110	20.4815
rnd-6_family-398#Unknown	516	342.988	0	0
rnd-6_family-864#LTR/Pao	812	637.962	1	0.264322
rnd-6_family-942#LTR/Pao	1578	1403.65	46	5.52622
rnd-6_family-213#Unknown	495	322.222	11	5.7566
rnd-6_family-175#Unknown	2999	2824.65	0	0
rnd-6_family-993#Unknown	184	44.4772	9	34.122
rnd-6_family-107#Unknown	165	32.4701	81.3596	422.526
rnd-6_family-717#LINE/RTE-BovB	532	358.812	241	113.261
rnd-6_family-1045#Unknown	347	179.266	2	1.88131
rnd-6_family-590#Unknown	1282	1107.65	7065	1075.57
rnd-6_family-1058#LTR/DIRS	301	137.215	180	221.207
rnd-6_family-411#Unknown	631	457.259	114	42.0408
rnd-6_family-332#Unknown	418	246.881	357.919	244.471
rnd-6_family-511#LINE/Penelope	655	481.118	56.0506	19.6452
rnd-6_family-1136#Unknown	392	221.728	79	60.0808
rnd-6_family-55#LTR/Gypsy	972	797.811	7	1.47954
rnd-6_family-249#Unknown	334	167.138	1	1.00891
rnd-6_family-1259#LINE/CR1	2170	1995.65	0	0
rnd-6_family-523#Unknown	132	16.0221	9	94.7223
rnd-6_family-167#Unknown	849	674.962	3	0.749498
rnd-6_family-3004#Unknown	59	24.2759	3	20.8389
rnd-6_family-1440#Unknown	604	430.303	18	7.05386
rnd-6_family-588#LTR/Pao	1317	1142.65	712.91	105.208
rnd-6_family-244#LINE/CR1	936	761.811	0	0
rnd-6_family-572#Unknown	238	83.9801	1	2.00795
rnd-6_family-1094#Unknown	1276	1101.65	47	7.19422
rnd-6_family-233#DNA/TcMar-Tc2	335	168.069	81	81.2693
rnd-6_family-19#Unknown	454	282.119	366.564	219.102
rnd-6_family-847#Unknown	162	30.7377	30	164.58
rnd-6_family-330#Unknown	1366	1191.65	8	1.13206
rnd-6_family-1451#LTR/Gypsy	306	141.529	0	0
rnd-6_family-321#LINE/CR1	633	459.259	4	1.46869
rnd-6_family-82#LINE/CR1	1393	1218.65	52	7.19538
rnd-6_family-320#Unknown	843	668.962	2	0.504147
rnd-6_family-768#LINE/I-Jockey	2884	2709.65	1533.71	95.4463
rnd-6_family-1018#Unknown	560	386.629	35	15.2652
rnd-6_family-474#LINE/I	299	135.401	80.1305	99.7938
rnd-6_family-629#LINE/CR1	2887	2712.65	604.329	37.5672
rnd-6_family-106#Unknown	278	116.941	118	170.155
rnd-6_family-736#LTR/Gypsy	828	653.962	54	13.9242
rnd-6_family-28#Unknown	61	25.4667	17	112.566
rnd-6_family-578#DNA/CMC-EnSpm	192	50.1207	22	74.0175
rnd-6_family-589#DNA/CMC-EnSpm	1729	1554.65	1195	129.618
rnd-6_family-2447#Unknown	488	315.286	171	91.4577
rnd-6_family-1334#LTR/Pao	983	808.811	1009	210.365
rnd-6_family-908#Unknown	304	139.823	11	13.266
rnd-6_family-428#Unknown	841	666.962	546.351	138.134
rnd-6_family-1029#Unknown	488	315.286	54	28.8814
rnd-6_family-309#Unknown	401	230.385	1	0.731937
rnd-6_family-41#Unknown	510	337.056	2414	1207.71
rnd-6_family-476#LTR/Gypsy	1733	1558.65	260	28.129
rnd-6_family-343#Unknown	501	328.19	20	10.2762
rnd-6_family-1471#LTR/Gypsy	740	566.021	63	18.7688
rnd-6_family-615#Unknown	40	13.8889	0	0
rnd-6_family-21#Unknown	1533	1358.65	349	43.3159
rnd-6_family-164#LINE/CR1	439	267.284	0	0
rnd-6_family-673#Unknown	2572	2397.65	3765	264.794
rnd-6_family-33#LTR/Pao	697	523.021	0	0
rnd-6_family-1725#Unknown	744	570.021	175	51.7698
rnd-6_family-1655#LTR/Gypsy	1535	1360.65	98	12.1453
rnd-6_family-340#Unknown	55	23.76	69	489.702
rnd-6_family-108#Unknown	328	161.713	12	12.5131
rnd-6_family-3029#Unknown	960	785.811	28	6.00853
rnd-6_family-1324#LTR/Pao	655	481.118	672	235.53
rnd-6_family-351#LINE/CR1	892	717.962	444	104.282
rnd-6_family-1888#Unknown	1199	1024.65	1	0.164571
rnd-6_family-662#LINE/Penelope	845	670.962	74	18.5978
rnd-6_family-16#SINE?	416	244.98	56.5623	38.9337
rnd-6_family-400#LINE/Penelope	987	812.811	10.0631	2.08772
rnd-6_family-1752#Unknown	223	72.33	46	107.243
rnd-6_family-875#Unknown	389	218.773	7	5.39553
rnd-6_family-350#Unknown	41	14.1579	16	190.568
rnd-6_family-264#Unknown	364	195.085	3	2.59314
rnd-6_family-580#Unknown	1330	1155.65	3	0.437748
rnd-6_family-1975#Unknown	222	71.5633	84.4161	198.913
rnd-6_family-538#Unknown	1910	1735.65	320.27	31.1159
rnd-6_family-56#Unknown	1619	1444.65	33	3.85195
rnd-6_family-186#DNA/TcMar-Tc1	234	80.9902	27	56.216
rnd-6_family-247#Unknown	1371	1196.65	55	7.75041
rnd-6_family-470#LTR/Pao	682	508.021	0	0
rnd-6_family-1332#Unknown	671	497.021	27	9.16048
rnd-6_family-220#Unknown	524	350.883	89	42.7717
rnd-6_family-801#Unknown	379	209.291	3	2.41712
rnd-6_family-189#Unknown	506	333.157	25	12.6538
rnd-6_family-1275#Unknown	414	243.004	85	58.984
rnd-6_family-1706#Unknown	1199	1024.65	21	3.45599
rnd-6_family-2568#Unknown	667	493.021	0	0
rnd-6_family-273#LTR/Pao	869	694.962	0	0
rnd-6_family-1878#Unknown	58	24.1071	0	0
rnd-6_family-367#LINE/RTE-BovB	1157	982.649	536.885	92.1323
rnd-6_family-1127#Unknown	214	65.6094	37	95.0965
rnd-6_family-65#LTR/Gypsy	813	638.962	0	0
rnd-6_family-278#LINE/L2	252	95.1158	26	46.0945
rnd-6_family-191#LTR/Gypsy	1507	1332.65	26	3.28993
rnd-6_family-47#Unknown	299	135.401	91.6297	114.115
rnd-6_family-999#Unknown	149	23.5774	35	250.323
rnd-6_family-635#LINE/Penelope	1306	1131.65	83.0472	12.3749
rnd-6_family-2609#Unknown	177	40.0343	2	8.42415
rnd-6_family-3053#LTR/Gypsy	920	745.962	48	10.8506
rnd-6_family-755#Unknown	2920	2745.65	141.078	8.66452
rnd-6_family-1565#Unknown	514	341.022	0	0
rnd-6_family-67#Unknown	576	402.549	21	8.79688
rnd-6_family-1640#Unknown	2107	1932.65	8	0.698017
rnd-6_family-1047#Unknown	1162	987.649	1	0.170736
rnd-6_family-86#Unknown	332	165.309	15	15.3011
rnd-6_family-564#Unknown	105	11.6587	182	2632.4
rnd-6_family-308#Unknown	686	512.021	226	74.4303
rnd-6_family-1389#Unknown	122	12.8975	0	0
rnd-6_family-235#Unknown	414	243.004	31	21.5118
rnd-6_family-822#Unknown	206	59.6446	170.467	481.944
rnd-6_family-1369#Unknown	455	283.034	91.2837	54.3856
rnd-6_family-377#LINE/CR1	2176	2001.65	940.687	79.2475
rnd-6_family-231#LTR/Gypsy	651	477.166	70	24.7376
rnd-6_family-2368#Unknown	745	571.021	152	44.887
rnd-6_family-1013#Unknown	387	216.861	0	0
rnd-6_family-8#Unknown	235	81.6878	2	4.12859
rnd-6_family-1210#LTR/Pao	2221	2046.65	0	0
rnd-6_family-297#Unknown	149	23.5774	4	28.6083
rnd-6_family-583#DNA/TcMar-Tigger	423	251.78	3	2.00922
rnd-6_family-261#Unknown	258	100.067	85	143.237
rnd-6_family-172#Unknown	247	91.0416	13	24.0787
rnd-6_family-3101#Satellite	106	11.3357	5	74.379
rnd-6_family-360#Unknown	903	728.962	204	47.1904
rnd-6_family-1262#Unknown	261	102.544	23	37.8222
rnd-6_family-388#Unknown	441	269.23	642.727	402.562
rnd-6_family-2254#Unknown	471	298.655	45	25.4081
rnd-6_family-339#Unknown	493	320.222	85.0524	44.7882
rnd-6_family-155#LTR/Pao	3617	3442.65	249	12.1965
rnd-6_family-2673#LTR/Gypsy	1327	1152.65	340	49.7406
rnd-6_family-675#Unknown	1656	1481.65	1	0.113811
rnd-6_family-640#LINE/L2	962	787.811	3	0.642137
rnd-6_family-607#LTR/Gypsy	2406	2231.65	79	5.96939
rnd-6_family-1751#Unknown	281	119.612	0	0
rnd-6_family-2349#Unknown	71	35.4667	30	142.636
rnd-6_family-1216#Unknown	638	464.213	3	1.08977
rnd-6_family-565#LINE/CR1	1008	833.649	3	0.60683
rnd-6_family-2216#Unknown	385	214.926	117	91.7963
rnd-6_family-73#Unknown	151	24.5798	0	0
rnd-6_family-510#Unknown	416	244.98	24	16.52
rnd-6_family-1883#Unknown	295	131.893	1	1.27852
rnd-6_family-326#Satellite	486	313.317	83.6741	45.0335
rnd-6_family-571#Unknown	429	257.625	0	0
rnd-6_family-2113#LINE/RTE-BovB	461	288.862	752.569	439.324
rnd-6_family-382#LTR/Pao	788	613.962	14.1199	3.87811
rnd-6_family-678#Unknown	63	27.4667	1	6.13936
rnd-6_family-2470#Unknown	1990	1815.65	0	0
rnd-6_family-940#LTR/Pao	554	380.629	43	19.05
rnd-6_family-829#DNA/CMC-EnSpm	1604	1429.65	12	1.4154
rnd-6_family-2375#Unknown	575	401.549	2	0.839885
rnd-6_family-1469#LINE/CR1	428	256.729	19	12.4798
rnd-6_family-1457#LTR/Pao	2110	1935.65	2	0.174234
rnd-6_family-1394#LINE/Penelope	558	384.629	6	2.6305
rnd-6_family-52#LINE/Penelope	369	199.704	20	16.8878
rnd-6_family-2964#LTR/Gypsy	498	325.19	390	202.235
rnd-6_family-637#LINE/Penelope	691	517.021	736.391	240.176
rnd-6_family-2789#Unknown	1076	901.649	7	1.30915
